rm -rf /srv/dev/aardvark/2019
cp -r /srv/iwi.wespa.org/aardvark/2019 /srv/dev/aardvark/
Filnames found: 824

WARNING:   player has switched divisions mid-tournament
File:      /srv/dev/aardvark/2016/MLT/malt16op.tou
Division:  B
Player:    Joe Caruana

ERROR:  Missing .STS or .STA file
File:   /srv/dev/aardvark/2015/THA/pcup15fuold

ERROR:                 names in the .tou and .STS/.STA files do not match
File:                  /srv/dev/aardvark/2019/IND/pune2019
Missing in .tou:       PC Jose, 
Missing in .STS/.STA:  Pc Jose, 

ERROR:                 names in the .tou and .STS/.STA files do not match
File:                  /srv/dev/aardvark/2019/NZL/nznats19
Missing in .tou:       Jean O'Brien, 
Missing in .STS/.STA:  Jean Obrien, 

ERROR:                 names in the .tou and .STS/.STA files do not match
File:                  /srv/dev/aardvark/2019/MYS/msiaop19
Missing in .tou:       Dianne Brumby, 
Missing in .STS/.STA:  Dianne Brumby@13, 

ERROR:                 names in the .tou and .STS/.STA files do not match
File:                  /srv/dev/aardvark/2019/MYS/ascu1519
Missing in .tou:       Nur Aleyah M  Jais, 
Missing in .STS/.STA:  Nur Aleyah M Jais, 

ERROR:                 names in the .tou and .STS/.STA files do not match
File:                  /srv/dev/aardvark/2019/MYS/ascu1819
Missing in .tou:       Nur_Aisya Najihah, Afaf Binti M  Firhat, 
Missing in .STS/.STA:  Afaf Binti M Firhat, Nur Aisya Najihah, 

ERROR:                 names in the .tou and .STS/.STA files do not match
File:                  /srv/dev/aardvark/2019/AUS/austch19
Missing in .tou:       Latha Weerakkody, 
Missing in .STS/.STA:  Latha Weerakkody @18, 

ERROR:                 names in the .tou and .STS/.STA files do not match
File:                  /srv/dev/aardvark/2019/AUS/senrat19
Missing in .tou:       Dianne Brumby, Carol Johnston, Howard Warner, Betty Foreman, 
Missing in .STS/.STA:  Dianne Brumby@9, Howard Warner@2, Carol Johnston@58, Betty Foreman@44, 

ERROR:                 names in the .tou and .STS/.STA files do not match
File:                  /srv/dev/aardvark/2019/AUS/sachmp19
Missing in .tou:       Julie Brice, 
Missing in .STS/.STA:  Julie Brice@16, 

ERROR:                 names in the .tou and .STS/.STA files do not match
File:                  /srv/dev/aardvark/2019/AUS/vicch19
Missing in .tou:       Lois Binnie, Latha Weerakkody, 
Missing in .STS/.STA:  Lois Binnie @18, Latha Weerakkody @17, 

ERROR:                 names in the .tou and .STS/.STA files do not match
File:                  /srv/dev/aardvark/2019/USA/princ119
Missing in .tou:       Phyllis DeCastro, 
Missing in .STS/.STA:  Phyllis Decastro, 

ERROR:  Missing .STS or .STA file
File:   /srv/dev/aardvark/2017/OMN/sparom17

ERROR:  Missing .STS or .STA file
File:   /srv/dev/aardvark/2009/GBR/ni2009

ERROR:  Missing .STS or .STA file
File:   /srv/dev/aardvark/2012/CZE/copymsimaine

ERROR:  Missing .STS or .STA file
File:   /srv/dev/aardvark/2008/MYS/Copy of 2008csc

ERROR:  Missing .STS or .STA file
File:   /srv/dev/aardvark/2008/MYS/OPEN2_33

Created html/tournaments/1.html
Created html/tournaments/2.html
Created html/tournaments/3.html
Created html/tournaments/4.html
Created html/tournaments/5.html
Created html/tournaments/6.html
Created html/tournaments/7.html
Created html/tournaments/8.html
Created html/tournaments/9.html
Created html/tournaments/10.html
Created html/tournaments/11.html
Created html/tournaments/12.html
Created html/tournaments/13.html
Created html/tournaments/14.html
Created html/tournaments/15.html
Created html/tournaments/16.html
Created html/tournaments/17.html
Created html/tournaments/18.html
Created html/tournaments/19.html
Created html/tournaments/20.html
Created html/tournaments/21.html
Created html/tournaments/22.html
Created html/tournaments/23.html
Created html/tournaments/24.html
Created html/tournaments/25.html
Created html/tournaments/26.html
Created html/tournaments/27.html
Created html/tournaments/28.html
Created html/tournaments/29.html
Created html/tournaments/30.html
Created html/tournaments/31.html
Created html/tournaments/32.html
Created html/tournaments/33.html
Created html/tournaments/34.html
Created html/tournaments/35.html
Created html/tournaments/36.html
Created html/tournaments/37.html
Created html/tournaments/38.html
Created html/tournaments/39.html
Created html/tournaments/40.html
Created html/tournaments/41.html
Created html/tournaments/42.html
Created html/tournaments/43.html
Created html/tournaments/44.html
Created html/tournaments/45.html
Created html/tournaments/46.html
Created html/tournaments/47.html
Created html/tournaments/48.html
Created html/tournaments/49.html
Created html/tournaments/50.html
Created html/tournaments/51.html
Created html/tournaments/52.html
Created html/tournaments/53.html
Created html/tournaments/54.html
Created html/tournaments/55.html
Created html/tournaments/56.html
Created html/tournaments/57.html
Created html/tournaments/58.html
Created html/tournaments/59.html
Created html/tournaments/60.html
Created html/tournaments/61.html
Created html/tournaments/62.html
Created html/tournaments/63.html
Created html/tournaments/64.html
Created html/tournaments/65.html
Created html/tournaments/66.html
Created html/tournaments/67.html
Created html/tournaments/68.html
Created html/tournaments/69.html
Created html/tournaments/70.html
Created html/tournaments/71.html
Created html/tournaments/72.html
Created html/tournaments/73.html
Created html/tournaments/74.html
Created html/tournaments/75.html
Created html/tournaments/76.html
Created html/tournaments/77.html
Created html/tournaments/78.html
Created html/tournaments/79.html
Created html/tournaments/80.html
Created html/tournaments/81.html
Created html/tournaments/82.html
Created html/tournaments/83.html
Created html/tournaments/84.html
Created html/tournaments/85.html
Created html/tournaments/86.html
Created html/tournaments/87.html
Created html/tournaments/88.html
Created html/tournaments/89.html
Created html/tournaments/90.html
Created html/tournaments/91.html
Created html/tournaments/92.html
Created html/tournaments/93.html
Created html/tournaments/94.html
Created html/tournaments/95.html
Created html/tournaments/96.html
Created html/tournaments/97.html
Created html/tournaments/98.html
Created html/tournaments/99.html
Created html/tournaments/100.html
Created html/tournaments/101.html
Created html/tournaments/102.html
Created html/tournaments/103.html
Created html/tournaments/104.html
Created html/tournaments/105.html
Created html/tournaments/106.html
Created html/tournaments/107.html
Created html/tournaments/108.html
Created html/tournaments/109.html
Created html/tournaments/110.html
Created html/tournaments/111.html
Created html/tournaments/112.html
Created html/tournaments/113.html
Created html/tournaments/114.html
Created html/tournaments/115.html
Created html/tournaments/116.html
Created html/tournaments/117.html
Created html/tournaments/118.html
Created html/tournaments/119.html
Created html/tournaments/120.html
Created html/tournaments/121.html
Created html/tournaments/122.html
Created html/tournaments/123.html
Created html/tournaments/124.html
Created html/tournaments/125.html
Created html/tournaments/126.html
Created html/tournaments/127.html
Created html/tournaments/128.html
Created html/tournaments/129.html
Created html/tournaments/130.html
Created html/tournaments/131.html
Created html/tournaments/132.html
Created html/tournaments/133.html
Created html/tournaments/134.html
Created html/tournaments/135.html
Created html/tournaments/136.html
Created html/tournaments/137.html
Created html/tournaments/138.html
Created html/tournaments/139.html
Created html/tournaments/140.html
Created html/tournaments/141.html
Created html/tournaments/142.html
Created html/tournaments/143.html
Created html/tournaments/144.html
Created html/tournaments/145.html
Created html/tournaments/146.html
Created html/tournaments/147.html
Created html/tournaments/148.html
Created html/tournaments/149.html
Created html/tournaments/150.html
Created html/tournaments/151.html
Created html/tournaments/152.html
Created html/tournaments/153.html
Created html/tournaments/154.html
Created html/tournaments/155.html
Created html/tournaments/156.html
Created html/tournaments/157.html
Created html/tournaments/158.html
Created html/tournaments/159.html
Created html/tournaments/160.html
Created html/tournaments/161.html
Created html/tournaments/162.html
Created html/tournaments/163.html
Created html/tournaments/164.html
Created html/tournaments/165.html
Created html/tournaments/166.html
Created html/tournaments/167.html
Created html/tournaments/168.html
Created html/tournaments/169.html
Created html/tournaments/170.html
Created html/tournaments/171.html
Created html/tournaments/172.html
Created html/tournaments/173.html
Created html/tournaments/174.html
Created html/tournaments/175.html
Created html/tournaments/176.html
Created html/tournaments/177.html
Created html/tournaments/178.html
Created html/tournaments/179.html
Created html/tournaments/180.html
Created html/tournaments/181.html
Created html/tournaments/182.html
Created html/tournaments/183.html
Created html/tournaments/184.html
Created html/tournaments/185.html
Created html/tournaments/186.html
Created html/tournaments/187.html
Created html/tournaments/188.html
Created html/tournaments/189.html
Created html/tournaments/190.html
Created html/tournaments/191.html
Created html/tournaments/192.html
Created html/tournaments/193.html
Created html/tournaments/194.html
Created html/tournaments/195.html
Created html/tournaments/196.html
Created html/tournaments/197.html
Created html/tournaments/198.html
Created html/tournaments/199.html
Created html/tournaments/200.html
Created html/tournaments/201.html
Created html/tournaments/202.html
Created html/tournaments/203.html
Created html/tournaments/204.html
Created html/tournaments/205.html
Created html/tournaments/206.html
Created html/tournaments/207.html
Created html/tournaments/208.html
Created html/tournaments/209.html
Created html/tournaments/210.html
Created html/tournaments/211.html
Created html/tournaments/212.html
Created html/tournaments/213.html
Created html/tournaments/214.html
Created html/tournaments/215.html
Created html/tournaments/216.html
Created html/tournaments/217.html
Created html/tournaments/218.html
Created html/tournaments/219.html
Created html/tournaments/220.html
Created html/tournaments/221.html
Created html/tournaments/222.html
Created html/tournaments/223.html
Created html/tournaments/224.html
Created html/tournaments/225.html
Created html/tournaments/226.html
Created html/tournaments/227.html
Created html/tournaments/228.html
Created html/tournaments/229.html
Created html/tournaments/230.html
Created html/tournaments/231.html
Created html/tournaments/232.html
Created html/tournaments/233.html
Created html/tournaments/234.html
Created html/tournaments/235.html
Created html/tournaments/236.html
Created html/tournaments/237.html
Created html/tournaments/238.html
Created html/tournaments/239.html
Created html/tournaments/240.html
Created html/tournaments/241.html
Created html/tournaments/242.html
Created html/tournaments/243.html
Created html/tournaments/244.html
Created html/tournaments/245.html
Created html/tournaments/246.html
Created html/tournaments/247.html
Created html/tournaments/248.html
Created html/tournaments/249.html
Created html/tournaments/250.html
Created html/tournaments/251.html
Created html/tournaments/252.html
Created html/tournaments/253.html
Created html/tournaments/254.html
Created html/tournaments/255.html
Created html/tournaments/256.html
Created html/tournaments/257.html
Created html/tournaments/258.html
Created html/tournaments/259.html
Created html/tournaments/260.html
Created html/tournaments/261.html
Created html/tournaments/262.html
Created html/tournaments/263.html
Created html/tournaments/264.html
Created html/tournaments/265.html
Created html/tournaments/266.html
Created html/tournaments/267.html
Created html/tournaments/268.html
Created html/tournaments/269.html
Created html/tournaments/270.html
Created html/tournaments/271.html
Created html/tournaments/272.html
Created html/tournaments/273.html
Created html/tournaments/274.html
Created html/tournaments/275.html
Created html/tournaments/276.html
Created html/tournaments/277.html
Created html/tournaments/278.html
Created html/tournaments/279.html
Created html/tournaments/280.html
Created html/tournaments/281.html
Created html/tournaments/282.html
Created html/tournaments/283.html
Created html/tournaments/284.html
Created html/tournaments/285.html
Created html/tournaments/286.html
Created html/tournaments/287.html
Created html/tournaments/288.html
Created html/tournaments/289.html
Created html/tournaments/290.html
Created html/tournaments/291.html
Created html/tournaments/292.html
Created html/tournaments/293.html
Created html/tournaments/294.html
Created html/tournaments/295.html
Created html/tournaments/296.html
Created html/tournaments/297.html
Created html/tournaments/298.html
Created html/tournaments/299.html
Created html/tournaments/300.html
Created html/tournaments/301.html
Created html/tournaments/302.html
Created html/tournaments/303.html
Created html/tournaments/304.html
Created html/tournaments/305.html
Created html/tournaments/306.html
Created html/tournaments/307.html
Created html/tournaments/308.html
Created html/tournaments/309.html
Created html/tournaments/310.html
Created html/tournaments/311.html
Created html/tournaments/312.html
Created html/tournaments/313.html
Created html/tournaments/314.html
Created html/tournaments/315.html
Created html/tournaments/316.html
Created html/tournaments/317.html
Created html/tournaments/318.html
Created html/tournaments/319.html
Created html/tournaments/320.html
Created html/tournaments/321.html
Created html/tournaments/322.html
Created html/tournaments/323.html
Created html/tournaments/324.html
Created html/tournaments/325.html
Created html/tournaments/326.html
Created html/tournaments/327.html
Created html/tournaments/328.html
Created html/tournaments/329.html
Created html/tournaments/330.html
Created html/tournaments/331.html
Created html/tournaments/332.html
Created html/tournaments/333.html
Created html/tournaments/334.html
Created html/tournaments/335.html
Created html/tournaments/336.html
Created html/tournaments/337.html
Created html/tournaments/338.html
Created html/tournaments/339.html
Created html/tournaments/340.html
Created html/tournaments/341.html
Created html/tournaments/342.html
Created html/tournaments/343.html
Created html/tournaments/344.html
Created html/tournaments/345.html
Created html/tournaments/346.html
Created html/tournaments/347.html
Created html/tournaments/348.html
Created html/tournaments/349.html
Created html/tournaments/350.html
Created html/tournaments/351.html
Created html/tournaments/352.html
Created html/tournaments/353.html
Created html/tournaments/354.html
Created html/tournaments/355.html
Created html/tournaments/356.html
Created html/tournaments/357.html
Created html/tournaments/358.html
Created html/tournaments/359.html
Created html/tournaments/360.html
Created html/tournaments/361.html
Created html/tournaments/362.html
Created html/tournaments/363.html
Created html/tournaments/364.html
Created html/tournaments/365.html
Created html/tournaments/366.html
Created html/tournaments/367.html
Created html/tournaments/368.html
Created html/tournaments/369.html
Created html/tournaments/370.html
Created html/tournaments/371.html
Created html/tournaments/372.html
Created html/tournaments/373.html
Created html/tournaments/374.html
Created html/tournaments/375.html
Created html/tournaments/376.html
Created html/tournaments/377.html
Created html/tournaments/378.html
Created html/tournaments/379.html
Created html/tournaments/380.html
Created html/tournaments/381.html
Created html/tournaments/382.html
Created html/tournaments/383.html
Created html/tournaments/384.html
Created html/tournaments/385.html
Created html/tournaments/386.html
Created html/tournaments/387.html
Created html/tournaments/388.html
Created html/tournaments/389.html
Created html/tournaments/390.html
Created html/tournaments/391.html
Created html/tournaments/392.html
Created html/tournaments/393.html
Created html/tournaments/394.html
Created html/tournaments/395.html
Created html/tournaments/396.html
Created html/tournaments/397.html
Created html/tournaments/398.html
Created html/tournaments/399.html
Created html/tournaments/400.html
Created html/tournaments/401.html
Created html/tournaments/402.html
Created html/tournaments/403.html
Created html/tournaments/404.html
Created html/tournaments/405.html
Created html/tournaments/406.html
Created html/tournaments/407.html
Created html/tournaments/408.html
Created html/tournaments/409.html
Created html/tournaments/410.html
Created html/tournaments/411.html
Created html/tournaments/412.html
Created html/tournaments/413.html
Created html/tournaments/414.html
Created html/tournaments/415.html
Created html/tournaments/416.html
Created html/tournaments/417.html
Created html/tournaments/418.html
Created html/tournaments/419.html
Created html/tournaments/420.html
Created html/tournaments/421.html
Created html/tournaments/422.html
Created html/tournaments/423.html
Created html/tournaments/424.html
Created html/tournaments/425.html
Created html/tournaments/426.html
Created html/tournaments/427.html
Created html/tournaments/428.html
Created html/tournaments/429.html
Created html/tournaments/430.html
Created html/tournaments/431.html
Created html/tournaments/432.html
Created html/tournaments/433.html
Created html/tournaments/434.html
Created html/tournaments/435.html
Created html/tournaments/436.html
Created html/tournaments/437.html
Created html/tournaments/438.html
Created html/tournaments/439.html
Created html/tournaments/440.html
Created html/tournaments/441.html
Created html/tournaments/442.html
Created html/tournaments/443.html
Created html/tournaments/444.html
Created html/tournaments/445.html
Created html/tournaments/446.html
Created html/tournaments/447.html
Created html/tournaments/448.html
Created html/tournaments/449.html
Created html/tournaments/450.html
Created html/tournaments/451.html
Created html/tournaments/452.html
Created html/tournaments/453.html
Created html/tournaments/454.html
Created html/tournaments/455.html
Created html/tournaments/456.html
Created html/tournaments/457.html
Created html/tournaments/458.html
Created html/tournaments/459.html
Created html/tournaments/460.html
Created html/tournaments/461.html
Created html/tournaments/462.html
Created html/tournaments/463.html
Created html/tournaments/464.html
Created html/tournaments/465.html
Created html/tournaments/466.html
Created html/tournaments/467.html
Created html/tournaments/468.html
Created html/tournaments/469.html
Created html/tournaments/470.html
Created html/tournaments/471.html
Created html/tournaments/472.html
Created html/tournaments/473.html
Created html/tournaments/474.html
Created html/tournaments/475.html
Created html/tournaments/476.html
Created html/tournaments/477.html
Created html/tournaments/478.html
Created html/tournaments/479.html
Created html/tournaments/480.html
Created html/tournaments/481.html
Created html/tournaments/482.html
Created html/tournaments/483.html
Created html/tournaments/484.html
Created html/tournaments/485.html
Created html/tournaments/486.html
Created html/tournaments/487.html
Created html/tournaments/488.html
Created html/tournaments/489.html
Created html/tournaments/490.html
Created html/tournaments/491.html
Created html/tournaments/492.html
Created html/tournaments/493.html
Created html/tournaments/494.html
Created html/tournaments/495.html
Created html/tournaments/496.html
Created html/tournaments/497.html
Created html/tournaments/498.html
Created html/tournaments/499.html
Created html/tournaments/500.html
Created html/tournaments/501.html
Created html/tournaments/502.html
Created html/tournaments/503.html
Created html/tournaments/504.html
Created html/tournaments/505.html
Created html/tournaments/506.html
Created html/tournaments/507.html
Created html/tournaments/508.html
Created html/tournaments/509.html
Created html/tournaments/510.html
Created html/tournaments/511.html
Created html/tournaments/512.html
Created html/tournaments/513.html
Created html/tournaments/514.html
Created html/tournaments/515.html
Created html/tournaments/516.html
Created html/tournaments/517.html
Created html/tournaments/518.html
Created html/tournaments/519.html
Created html/tournaments/520.html
Created html/tournaments/521.html
Created html/tournaments/522.html
Created html/tournaments/523.html
Created html/tournaments/524.html
Created html/tournaments/525.html
Created html/tournaments/526.html
Created html/tournaments/527.html
Created html/tournaments/528.html
Created html/tournaments/529.html
Created html/tournaments/530.html
Created html/tournaments/531.html
Created html/tournaments/532.html
Created html/tournaments/533.html
Created html/tournaments/534.html
Created html/tournaments/535.html
Created html/tournaments/536.html
Created html/tournaments/537.html
Created html/tournaments/538.html
Created html/tournaments/539.html
Created html/tournaments/540.html
Created html/tournaments/541.html
Created html/tournaments/542.html
Created html/tournaments/543.html
Created html/tournaments/544.html
Created html/tournaments/545.html
Created html/tournaments/546.html
Created html/tournaments/547.html
Created html/tournaments/548.html
Created html/tournaments/549.html
Created html/tournaments/550.html
Created html/tournaments/551.html
Created html/tournaments/552.html
Created html/tournaments/553.html
Created html/tournaments/554.html
Created html/tournaments/555.html
Created html/tournaments/556.html
Created html/tournaments/557.html
Created html/tournaments/558.html
Created html/tournaments/559.html
Created html/tournaments/560.html
Created html/tournaments/561.html
Created html/tournaments/562.html
Created html/tournaments/563.html
Created html/tournaments/564.html
Created html/tournaments/565.html
Created html/tournaments/566.html
Created html/tournaments/567.html
Created html/tournaments/568.html
Created html/tournaments/569.html
Created html/tournaments/570.html
Created html/tournaments/571.html
Created html/tournaments/572.html
Created html/tournaments/573.html
Created html/tournaments/574.html
Created html/tournaments/575.html
Created html/tournaments/576.html
Created html/tournaments/577.html
Created html/tournaments/578.html
Created html/tournaments/579.html
Created html/tournaments/580.html
Created html/tournaments/581.html
Created html/tournaments/582.html
Created html/tournaments/583.html
Created html/tournaments/584.html
Created html/tournaments/585.html
Created html/tournaments/586.html
Created html/tournaments/587.html
Created html/tournaments/588.html
Created html/tournaments/589.html
Created html/tournaments/590.html
Created html/tournaments/591.html
Created html/tournaments/592.html
Created html/tournaments/593.html
Created html/tournaments/594.html
Created html/tournaments/595.html
Created html/tournaments/596.html
Created html/tournaments/597.html
Created html/tournaments/598.html
Created html/tournaments/599.html
Created html/tournaments/600.html
Created html/tournaments/601.html
Created html/tournaments/602.html
Created html/tournaments/603.html
Created html/tournaments/604.html
Created html/tournaments/605.html
Created html/tournaments/606.html
Created html/tournaments/607.html
Created html/tournaments/608.html
Created html/tournaments/609.html
Created html/tournaments/610.html
Created html/tournaments/611.html
Created html/tournaments/612.html
Created html/tournaments/613.html
Created html/tournaments/614.html
Created html/tournaments/615.html
Created html/tournaments/616.html
Created html/tournaments/617.html
Created html/tournaments/618.html
Created html/tournaments/619.html
Created html/tournaments/620.html
Created html/tournaments/621.html
Created html/tournaments/622.html
Created html/tournaments/623.html
Created html/tournaments/624.html
Created html/tournaments/625.html
Created html/tournaments/626.html
Created html/tournaments/627.html
Created html/tournaments/628.html
Created html/tournaments/629.html
Created html/tournaments/630.html
Created html/tournaments/631.html
Created html/tournaments/632.html
Created html/tournaments/633.html
Created html/tournaments/634.html
Created html/tournaments/635.html
Created html/tournaments/636.html
Created html/tournaments/637.html
Created html/tournaments/638.html
Created html/tournaments/639.html
Created html/tournaments/640.html
Created html/tournaments/641.html
Created html/tournaments/642.html
Created html/tournaments/643.html
Created html/tournaments/644.html
Created html/tournaments/645.html
Created html/tournaments/646.html
Created html/tournaments/647.html
Created html/tournaments/648.html
Created html/tournaments/649.html
Created html/tournaments/650.html
Created html/tournaments/651.html
Created html/tournaments/652.html
Created html/tournaments/653.html
Created html/tournaments/654.html
Created html/tournaments/655.html
Created html/tournaments/656.html
Created html/tournaments/657.html
Created html/tournaments/658.html
Created html/tournaments/659.html
Created html/tournaments/660.html
Created html/tournaments/661.html
Created html/tournaments/662.html
Created html/tournaments/663.html
Created html/tournaments/664.html
Created html/tournaments/665.html
Created html/tournaments/666.html
Created html/tournaments/667.html
Created html/tournaments/668.html
Created html/tournaments/669.html
Created html/tournaments/670.html
Created html/tournaments/671.html
Created html/tournaments/672.html
Created html/tournaments/673.html
Created html/tournaments/674.html
Created html/tournaments/675.html
Created html/tournaments/676.html
Created html/tournaments/677.html
Created html/tournaments/678.html
Created html/tournaments/679.html
Created html/tournaments/680.html
Created html/tournaments/681.html
Created html/tournaments/682.html
Created html/tournaments/683.html
Created html/tournaments/684.html
Created html/tournaments/685.html
Created html/tournaments/686.html
Created html/tournaments/687.html
Created html/tournaments/688.html
Created html/tournaments/689.html
Created html/tournaments/690.html
Created html/tournaments/691.html
Created html/tournaments/692.html
Created html/tournaments/693.html
Created html/tournaments/694.html
Created html/tournaments/695.html
Created html/tournaments/696.html
Created html/tournaments/697.html
Created html/tournaments/698.html
Created html/tournaments/699.html
Created html/tournaments/700.html
Created html/tournaments/701.html
Created html/tournaments/702.html
Created html/tournaments/703.html
Created html/tournaments/704.html
Created html/tournaments/705.html
Created html/tournaments/706.html
Created html/tournaments/707.html
Created html/tournaments/708.html
Created html/tournaments/709.html
Created html/tournaments/710.html
Created html/tournaments/711.html
Created html/tournaments/712.html
Created html/tournaments/713.html
Created html/tournaments/714.html
Created html/tournaments/715.html
Created html/tournaments/716.html
Created html/tournaments/717.html
Created html/tournaments/718.html
Created html/tournaments/719.html
Created html/tournaments/720.html
Created html/tournaments/721.html
Created html/tournaments/722.html
Created html/tournaments/723.html
Created html/tournaments/724.html
Created html/tournaments/725.html
Created html/tournaments/726.html
Created html/tournaments/727.html
Created html/tournaments/728.html
Created html/tournaments/729.html
Created html/tournaments/730.html
Created html/tournaments/731.html
Created html/tournaments/732.html
Created html/tournaments/733.html
Created html/tournaments/734.html
Created html/tournaments/735.html
Created html/tournaments/736.html
Created html/tournaments/737.html
Created html/tournaments/738.html
Created html/tournaments/739.html
Created html/tournaments/740.html
Created html/tournaments/741.html
Created html/tournaments/742.html
Created html/tournaments/743.html
Created html/tournaments/744.html
Created html/tournaments/745.html
Created html/tournaments/746.html
Created html/tournaments/747.html
Created html/tournaments/748.html
Created html/tournaments/749.html
Created html/tournaments/750.html
Created html/tournaments/751.html
Created html/tournaments/752.html
Created html/tournaments/753.html
Created html/tournaments/754.html
Created html/tournaments/755.html
Created html/tournaments/756.html
Created html/tournaments/757.html
Created html/tournaments/758.html
Created html/tournaments/759.html
Created html/tournaments/760.html
Created html/tournaments/761.html
Created html/tournaments/762.html
Created html/tournaments/763.html
Created html/tournaments/764.html
Created html/tournaments/765.html
Created html/tournaments/766.html
Created html/tournaments/767.html
Created html/tournaments/768.html
Created html/tournaments/769.html
Created html/tournaments/770.html
Created html/tournaments/771.html
Created html/tournaments/772.html
Created html/tournaments/773.html
Created html/tournaments/774.html
Created html/tournaments/775.html
Created html/tournaments/776.html
Created html/tournaments/777.html
Created html/tournaments/778.html
Created html/tournaments/779.html
Created html/tournaments/780.html
Created html/tournaments/781.html
Created html/tournaments/782.html
Created html/tournaments/783.html
Created html/tournaments/784.html
Created html/tournaments/785.html
Created html/tournaments/786.html
Created html/tournaments/787.html
Created html/tournaments/788.html
Created html/tournaments/789.html
Created html/tournaments/790.html
Created html/tournaments/791.html
Created html/tournaments/792.html
Created html/tournaments/793.html
Created html/tournaments/794.html
Created html/tournaments/795.html
Created html/tournaments/796.html
Created html/tournaments/797.html
Created html/tournaments/798.html
Created html/tournaments/799.html
Created html/tournaments/800.html
Created html/tournaments/801.html
Created html/tournaments/802.html
Created html/tournaments/803.html
Created html/tournaments/804.html
Created html/tournaments/805.html
Created html/tournaments/806.html
Created html/tournaments/807.html
Created html/players/1.html
Created html/players/2.html
Created html/players/3.html
Created html/players/4.html
Created html/players/5.html
Created html/players/6.html
Created html/players/7.html
Created html/players/8.html
Created html/players/9.html
Created html/players/10.html
Created html/players/11.html
Created html/players/12.html
Created html/players/13.html
Created html/players/14.html
Created html/players/15.html
Created html/players/16.html
Created html/players/17.html
Created html/players/18.html
Created html/players/19.html
Created html/players/20.html
Created html/players/21.html
Created html/players/22.html
Created html/players/23.html
Created html/players/24.html
Created html/players/25.html
Created html/players/26.html
Created html/players/27.html
Created html/players/28.html
Created html/players/29.html
Created html/players/30.html
Created html/players/31.html
Created html/players/32.html
Created html/players/33.html
Created html/players/34.html
Created html/players/35.html
Created html/players/36.html
Created html/players/37.html
Created html/players/38.html
Created html/players/39.html
Created html/players/40.html
Created html/players/41.html
Created html/players/42.html
Created html/players/43.html
Created html/players/44.html
Created html/players/45.html
Created html/players/46.html
Created html/players/47.html
Created html/players/48.html
Created html/players/49.html
Created html/players/50.html
Created html/players/51.html
Created html/players/52.html
Created html/players/53.html
Created html/players/54.html
Created html/players/55.html
Created html/players/56.html
Created html/players/57.html
Created html/players/58.html
Created html/players/59.html
Created html/players/60.html
Created html/players/61.html
Created html/players/62.html
Created html/players/63.html
Created html/players/64.html
Created html/players/65.html
Created html/players/66.html
Created html/players/67.html
Created html/players/68.html
Created html/players/69.html
Created html/players/70.html
Created html/players/71.html
Created html/players/72.html
Created html/players/73.html
Created html/players/74.html
Created html/players/75.html
Created html/players/76.html
Created html/players/77.html
Created html/players/78.html
Created html/players/79.html
Created html/players/80.html
Created html/players/81.html
Created html/players/82.html
Created html/players/83.html
Created html/players/84.html
Created html/players/85.html
Created html/players/86.html
Created html/players/87.html
Created html/players/88.html
Created html/players/89.html
Created html/players/90.html
Created html/players/91.html
Created html/players/92.html
Created html/players/93.html
Created html/players/94.html
Created html/players/95.html
Created html/players/96.html
Created html/players/97.html
Created html/players/98.html
Created html/players/99.html
Created html/players/100.html
Created html/players/101.html
Created html/players/102.html
Created html/players/103.html
Created html/players/104.html
Created html/players/105.html
Created html/players/106.html
Created html/players/107.html
Created html/players/108.html
Created html/players/109.html
Created html/players/110.html
Created html/players/111.html
Created html/players/112.html
Created html/players/113.html
Created html/players/114.html
Created html/players/115.html
Created html/players/116.html
Created html/players/117.html
Created html/players/118.html
Created html/players/119.html
Created html/players/120.html
Created html/players/121.html
Created html/players/122.html
Created html/players/123.html
Created html/players/124.html
Created html/players/125.html
Created html/players/126.html
Created html/players/127.html
Created html/players/128.html
Created html/players/129.html
Created html/players/130.html
Created html/players/131.html
Created html/players/132.html
Created html/players/133.html
Created html/players/134.html
Created html/players/135.html
Created html/players/136.html
Created html/players/137.html
Created html/players/138.html
Created html/players/139.html
Created html/players/140.html
Created html/players/141.html
Created html/players/142.html
Created html/players/143.html
Created html/players/144.html
Created html/players/145.html
Created html/players/146.html
Created html/players/147.html
Created html/players/148.html
Created html/players/149.html
Created html/players/150.html
Created html/players/151.html
Created html/players/152.html
Created html/players/153.html
Created html/players/154.html
Created html/players/155.html
Created html/players/156.html
Created html/players/157.html
Created html/players/158.html
Created html/players/159.html
Created html/players/160.html
Created html/players/161.html
Created html/players/162.html
Created html/players/163.html
Created html/players/164.html
Created html/players/165.html
Created html/players/166.html
Created html/players/167.html
Created html/players/168.html
Created html/players/169.html
Created html/players/170.html
Created html/players/171.html
Created html/players/172.html
Created html/players/173.html
Created html/players/174.html
Created html/players/175.html
Created html/players/176.html
Created html/players/177.html
Created html/players/178.html
Created html/players/179.html
Created html/players/180.html
Created html/players/181.html
Created html/players/182.html
Created html/players/183.html
Created html/players/184.html
Created html/players/185.html
Created html/players/186.html
Created html/players/187.html
Created html/players/188.html
Created html/players/189.html
Created html/players/190.html
Created html/players/191.html
Created html/players/192.html
Created html/players/193.html
Created html/players/194.html
Created html/players/195.html
Created html/players/196.html
Created html/players/197.html
Created html/players/198.html
Created html/players/199.html
Created html/players/200.html
Created html/players/201.html
Created html/players/202.html
Created html/players/203.html
Created html/players/204.html
Created html/players/205.html
Created html/players/206.html
Created html/players/207.html
Created html/players/208.html
Created html/players/209.html
Created html/players/210.html
Created html/players/211.html
Created html/players/212.html
Created html/players/213.html
Created html/players/214.html
Created html/players/215.html
Created html/players/216.html
Created html/players/217.html
Created html/players/218.html
Created html/players/219.html
Created html/players/220.html
Created html/players/221.html
Created html/players/222.html
Created html/players/223.html
Created html/players/224.html
Created html/players/225.html
Created html/players/226.html
Created html/players/227.html
Created html/players/228.html
Created html/players/229.html
Created html/players/230.html
Created html/players/231.html
Created html/players/232.html
Created html/players/233.html
Created html/players/234.html
Created html/players/235.html
Created html/players/236.html
Created html/players/237.html
Created html/players/238.html
Created html/players/239.html
Created html/players/240.html
Created html/players/241.html
Created html/players/242.html
Created html/players/243.html
Created html/players/244.html
Created html/players/245.html
Created html/players/246.html
Created html/players/247.html
Created html/players/248.html
Created html/players/249.html
Created html/players/250.html
Created html/players/251.html
Created html/players/252.html
Created html/players/253.html
Created html/players/254.html
Created html/players/255.html
Created html/players/256.html
Created html/players/257.html
Created html/players/258.html
Created html/players/259.html
Created html/players/260.html
Created html/players/261.html
Created html/players/262.html
Created html/players/263.html
Created html/players/264.html
Created html/players/265.html
Created html/players/266.html
Created html/players/267.html
Created html/players/268.html
Created html/players/269.html
Created html/players/270.html
Created html/players/271.html
Created html/players/272.html
Created html/players/273.html
Created html/players/274.html
Created html/players/275.html
Created html/players/276.html
Created html/players/277.html
Created html/players/278.html
Created html/players/279.html
Created html/players/280.html
Created html/players/281.html
Created html/players/282.html
Created html/players/283.html
Created html/players/284.html
Created html/players/285.html
Created html/players/286.html
Created html/players/287.html
Created html/players/288.html
Created html/players/289.html
Created html/players/290.html
Created html/players/291.html
Created html/players/292.html
Created html/players/293.html
Created html/players/294.html
Created html/players/295.html
Created html/players/296.html
Created html/players/297.html
Created html/players/298.html
Created html/players/299.html
Created html/players/300.html
Created html/players/301.html
Created html/players/302.html
Created html/players/303.html
Created html/players/304.html
Created html/players/305.html
Created html/players/306.html
Created html/players/307.html
Created html/players/308.html
Created html/players/309.html
Created html/players/310.html
Created html/players/311.html
Created html/players/312.html
Created html/players/313.html
Created html/players/314.html
Created html/players/315.html
Created html/players/316.html
Created html/players/317.html
Created html/players/318.html
Created html/players/319.html
Created html/players/320.html
Created html/players/321.html
Created html/players/322.html
Created html/players/323.html
Created html/players/324.html
Created html/players/325.html
Created html/players/326.html
Created html/players/327.html
Created html/players/328.html
Created html/players/329.html
Created html/players/330.html
Created html/players/331.html
Created html/players/332.html
Created html/players/333.html
Created html/players/334.html
Created html/players/335.html
Created html/players/336.html
Created html/players/337.html
Created html/players/338.html
Created html/players/339.html
Created html/players/340.html
Created html/players/341.html
Created html/players/342.html
Created html/players/343.html
Created html/players/344.html
Created html/players/345.html
Created html/players/346.html
Created html/players/347.html
Created html/players/348.html
Created html/players/349.html
Created html/players/350.html
Created html/players/351.html
Created html/players/352.html
Created html/players/353.html
Created html/players/354.html
Created html/players/355.html
Created html/players/356.html
Created html/players/357.html
Created html/players/358.html
Created html/players/359.html
Created html/players/360.html
Created html/players/361.html
Created html/players/362.html
Created html/players/363.html
Created html/players/364.html
Created html/players/365.html
Created html/players/366.html
Created html/players/367.html
Created html/players/368.html
Created html/players/369.html
Created html/players/370.html
Created html/players/371.html
Created html/players/372.html
Created html/players/373.html
Created html/players/374.html
Created html/players/375.html
Created html/players/376.html
Created html/players/377.html
Created html/players/378.html
Created html/players/379.html
Created html/players/380.html
Created html/players/381.html
Created html/players/382.html
Created html/players/383.html
Created html/players/384.html
Created html/players/385.html
Created html/players/386.html
Created html/players/387.html
Created html/players/388.html
Created html/players/389.html
Created html/players/390.html
Created html/players/391.html
Created html/players/392.html
Created html/players/393.html
Created html/players/394.html
Created html/players/395.html
Created html/players/396.html
Created html/players/397.html
Created html/players/398.html
Created html/players/399.html
Created html/players/400.html
Created html/players/401.html
Created html/players/402.html
Created html/players/403.html
Created html/players/404.html
Created html/players/405.html
Created html/players/406.html
Created html/players/407.html
Created html/players/408.html
Created html/players/409.html
Created html/players/410.html
Created html/players/411.html
Created html/players/412.html
Created html/players/413.html
Created html/players/414.html
Created html/players/415.html
Created html/players/416.html
Created html/players/417.html
Created html/players/418.html
Created html/players/419.html
Created html/players/420.html
Created html/players/421.html
Created html/players/422.html
Created html/players/423.html
Created html/players/424.html
Created html/players/425.html
Created html/players/426.html
Created html/players/427.html
Created html/players/428.html
Created html/players/429.html
Created html/players/430.html
Created html/players/431.html
Created html/players/432.html
Created html/players/433.html
Created html/players/434.html
Created html/players/435.html
Created html/players/436.html
Created html/players/437.html
Created html/players/438.html
Created html/players/439.html
Created html/players/440.html
Created html/players/441.html
Created html/players/442.html
Created html/players/443.html
Created html/players/444.html
Created html/players/445.html
Created html/players/446.html
Created html/players/447.html
Created html/players/448.html
Created html/players/449.html
Created html/players/450.html
Created html/players/451.html
Created html/players/452.html
Created html/players/453.html
Created html/players/454.html
Created html/players/455.html
Created html/players/456.html
Created html/players/457.html
Created html/players/458.html
Created html/players/459.html
Created html/players/460.html
Created html/players/461.html
Created html/players/462.html
Created html/players/463.html
Created html/players/464.html
Created html/players/465.html
Created html/players/466.html
Created html/players/467.html
Created html/players/468.html
Created html/players/469.html
Created html/players/470.html
Created html/players/471.html
Created html/players/472.html
Created html/players/473.html
Created html/players/474.html
Created html/players/475.html
Created html/players/476.html
Created html/players/477.html
Created html/players/478.html
Created html/players/479.html
Created html/players/480.html
Created html/players/481.html
Created html/players/482.html
Created html/players/483.html
Created html/players/484.html
Created html/players/485.html
Created html/players/486.html
Created html/players/487.html
Created html/players/488.html
Created html/players/489.html
Created html/players/490.html
Created html/players/491.html
Created html/players/492.html
Created html/players/493.html
Created html/players/494.html
Created html/players/495.html
Created html/players/496.html
Created html/players/497.html
Created html/players/498.html
Created html/players/499.html
Created html/players/500.html
Created html/players/501.html
Created html/players/502.html
Created html/players/503.html
Created html/players/504.html
Created html/players/505.html
Created html/players/506.html
Created html/players/507.html
Created html/players/508.html
Created html/players/509.html
Created html/players/510.html
Created html/players/511.html
Created html/players/512.html
Created html/players/513.html
Created html/players/514.html
Created html/players/515.html
Created html/players/516.html
Created html/players/517.html
Created html/players/518.html
Created html/players/519.html
Created html/players/520.html
Created html/players/521.html
Created html/players/522.html
Created html/players/523.html
Created html/players/524.html
Created html/players/525.html
Created html/players/526.html
Created html/players/527.html
Created html/players/528.html
Created html/players/529.html
Created html/players/530.html
Created html/players/531.html
Created html/players/532.html
Created html/players/533.html
Created html/players/534.html
Created html/players/535.html
Created html/players/536.html
Created html/players/537.html
Created html/players/538.html
Created html/players/539.html
Created html/players/540.html
Created html/players/541.html
Created html/players/542.html
Created html/players/543.html
Created html/players/544.html
Created html/players/545.html
Created html/players/546.html
Created html/players/547.html
Created html/players/548.html
Created html/players/549.html
Created html/players/550.html
Created html/players/551.html
Created html/players/552.html
Created html/players/553.html
Created html/players/554.html
Created html/players/555.html
Created html/players/556.html
Created html/players/557.html
Created html/players/558.html
Created html/players/559.html
Created html/players/560.html
Created html/players/561.html
Created html/players/562.html
Created html/players/563.html
Created html/players/564.html
Created html/players/565.html
Created html/players/566.html
Created html/players/567.html
Created html/players/568.html
Created html/players/569.html
Created html/players/570.html
Created html/players/571.html
Created html/players/572.html
Created html/players/573.html
Created html/players/574.html
Created html/players/575.html
Created html/players/576.html
Created html/players/577.html
Created html/players/578.html
Created html/players/579.html
Created html/players/580.html
Created html/players/581.html
Created html/players/582.html
Created html/players/583.html
Created html/players/584.html
Created html/players/585.html
Created html/players/586.html
Created html/players/587.html
Created html/players/588.html
Created html/players/589.html
Created html/players/590.html
Created html/players/591.html
Created html/players/592.html
Created html/players/593.html
Created html/players/594.html
Created html/players/595.html
Created html/players/596.html
Created html/players/597.html
Created html/players/598.html
Created html/players/599.html
Created html/players/600.html
Created html/players/601.html
Created html/players/602.html
Created html/players/603.html
Created html/players/604.html
Created html/players/605.html
Created html/players/606.html
Created html/players/607.html
Created html/players/608.html
Created html/players/609.html
Created html/players/610.html
Created html/players/611.html
Created html/players/612.html
Created html/players/613.html
Created html/players/614.html
Created html/players/615.html
Created html/players/616.html
Created html/players/617.html
Created html/players/618.html
Created html/players/619.html
Created html/players/620.html
Created html/players/621.html
Created html/players/622.html
Created html/players/623.html
Created html/players/624.html
Created html/players/625.html
Created html/players/626.html
Created html/players/627.html
Created html/players/628.html
Created html/players/629.html
Created html/players/630.html
Created html/players/631.html
Created html/players/632.html
Created html/players/633.html
Created html/players/634.html
Created html/players/635.html
Created html/players/636.html
Created html/players/637.html
Created html/players/638.html
Created html/players/639.html
Created html/players/640.html
Created html/players/641.html
Created html/players/642.html
Created html/players/643.html
Created html/players/644.html
Created html/players/645.html
Created html/players/646.html
Created html/players/647.html
Created html/players/648.html
Created html/players/649.html
Created html/players/650.html
Created html/players/651.html
Created html/players/652.html
Created html/players/653.html
Created html/players/654.html
Created html/players/655.html
Created html/players/656.html
Created html/players/657.html
Created html/players/658.html
Created html/players/659.html
Created html/players/660.html
Created html/players/661.html
Created html/players/662.html
Created html/players/663.html
Created html/players/664.html
Created html/players/665.html
Created html/players/666.html
Created html/players/667.html
Created html/players/668.html
Created html/players/669.html
Created html/players/670.html
Created html/players/671.html
Created html/players/672.html
Created html/players/673.html
Created html/players/674.html
Created html/players/675.html
Created html/players/676.html
Created html/players/677.html
Created html/players/678.html
Created html/players/679.html
Created html/players/680.html
Created html/players/681.html
Created html/players/682.html
Created html/players/683.html
Created html/players/684.html
Created html/players/685.html
Created html/players/686.html
Created html/players/687.html
Created html/players/688.html
Created html/players/689.html
Created html/players/690.html
Created html/players/691.html
Created html/players/692.html
Created html/players/693.html
Created html/players/694.html
Created html/players/695.html
Created html/players/696.html
Created html/players/697.html
Created html/players/698.html
Created html/players/699.html
Created html/players/700.html
Created html/players/701.html
Created html/players/702.html
Created html/players/703.html
Created html/players/704.html
Created html/players/705.html
Created html/players/706.html
Created html/players/707.html
Created html/players/708.html
Created html/players/709.html
Created html/players/710.html
Created html/players/711.html
Created html/players/712.html
Created html/players/713.html
Created html/players/714.html
Created html/players/715.html
Created html/players/716.html
Created html/players/717.html
Created html/players/718.html
Created html/players/719.html
Created html/players/720.html
Created html/players/721.html
Created html/players/722.html
Created html/players/723.html
Created html/players/724.html
Created html/players/725.html
Created html/players/726.html
Created html/players/727.html
Created html/players/728.html
Created html/players/729.html
Created html/players/730.html
Created html/players/731.html
Created html/players/732.html
Created html/players/733.html
Created html/players/734.html
Created html/players/735.html
Created html/players/736.html
Created html/players/737.html
Created html/players/738.html
Created html/players/739.html
Created html/players/740.html
Created html/players/741.html
Created html/players/742.html
Created html/players/743.html
Created html/players/744.html
Created html/players/745.html
Created html/players/746.html
Created html/players/747.html
Created html/players/748.html
Created html/players/749.html
Created html/players/750.html
Created html/players/751.html
Created html/players/752.html
Created html/players/753.html
Created html/players/754.html
Created html/players/755.html
Created html/players/756.html
Created html/players/757.html
Created html/players/758.html
Created html/players/759.html
Created html/players/760.html
Created html/players/761.html
Created html/players/762.html
Created html/players/763.html
Created html/players/764.html
Created html/players/765.html
Created html/players/766.html
Created html/players/767.html
Created html/players/768.html
Created html/players/769.html
Created html/players/770.html
Created html/players/771.html
Created html/players/772.html
Created html/players/773.html
Created html/players/774.html
Created html/players/775.html
Created html/players/776.html
Created html/players/777.html
Created html/players/778.html
Created html/players/779.html
Created html/players/780.html
Created html/players/781.html
Created html/players/782.html
Created html/players/783.html
Created html/players/784.html
Created html/players/785.html
Created html/players/786.html
Created html/players/787.html
Created html/players/788.html
Created html/players/789.html
Created html/players/790.html
Created html/players/791.html
Created html/players/792.html
Created html/players/793.html
Created html/players/794.html
Created html/players/795.html
Created html/players/796.html
Created html/players/797.html
Created html/players/798.html
Created html/players/799.html
Created html/players/800.html
Created html/players/801.html
Created html/players/802.html
Created html/players/803.html
Created html/players/804.html
Created html/players/805.html
Created html/players/806.html
Created html/players/807.html
Created html/players/808.html
Created html/players/809.html
Created html/players/810.html
Created html/players/811.html
Created html/players/812.html
Created html/players/813.html
Created html/players/814.html
Created html/players/815.html
Created html/players/816.html
Created html/players/817.html
Created html/players/818.html
Created html/players/819.html
Created html/players/820.html
Created html/players/821.html
Created html/players/822.html
Created html/players/823.html
Created html/players/824.html
Created html/players/825.html
Created html/players/826.html
Created html/players/827.html
Created html/players/828.html
Created html/players/829.html
Created html/players/830.html
Created html/players/831.html
Created html/players/832.html
Created html/players/833.html
Created html/players/834.html
Created html/players/835.html
Created html/players/836.html
Created html/players/837.html
Created html/players/838.html
Created html/players/839.html
Created html/players/840.html
Created html/players/841.html
Created html/players/842.html
Created html/players/843.html
Created html/players/844.html
Created html/players/845.html
Created html/players/846.html
Created html/players/847.html
Created html/players/848.html
Created html/players/849.html
Created html/players/850.html
Created html/players/851.html
Created html/players/852.html
Created html/players/853.html
Created html/players/854.html
Created html/players/855.html
Created html/players/856.html
Created html/players/857.html
Created html/players/858.html
Created html/players/859.html
Created html/players/860.html
Created html/players/861.html
Created html/players/862.html
Created html/players/863.html
Created html/players/864.html
Created html/players/865.html
Created html/players/866.html
Created html/players/867.html
Created html/players/868.html
Created html/players/869.html
Created html/players/870.html
Created html/players/871.html
Created html/players/872.html
Created html/players/873.html
Created html/players/874.html
Created html/players/875.html
Created html/players/876.html
Created html/players/877.html
Created html/players/878.html
Created html/players/879.html
Created html/players/880.html
Created html/players/881.html
Created html/players/882.html
Created html/players/883.html
Created html/players/884.html
Created html/players/885.html
Created html/players/886.html
Created html/players/887.html
Created html/players/888.html
Created html/players/889.html
Created html/players/890.html
Created html/players/891.html
Created html/players/892.html
Created html/players/893.html
Created html/players/894.html
Created html/players/895.html
Created html/players/896.html
Created html/players/897.html
Created html/players/898.html
Created html/players/899.html
Created html/players/900.html
Created html/players/901.html
Created html/players/902.html
Created html/players/903.html
Created html/players/904.html
Created html/players/905.html
Created html/players/906.html
Created html/players/907.html
Created html/players/908.html
Created html/players/909.html
Created html/players/910.html
Created html/players/911.html
Created html/players/912.html
Created html/players/913.html
Created html/players/914.html
Created html/players/915.html
Created html/players/916.html
Created html/players/917.html
Created html/players/918.html
Created html/players/919.html
Created html/players/920.html
Created html/players/921.html
Created html/players/922.html
Created html/players/923.html
Created html/players/924.html
Created html/players/925.html
Created html/players/926.html
Created html/players/927.html
Created html/players/928.html
Created html/players/929.html
Created html/players/930.html
Created html/players/931.html
Created html/players/932.html
Created html/players/933.html
Created html/players/934.html
Created html/players/935.html
Created html/players/936.html
Created html/players/937.html
Created html/players/938.html
Created html/players/939.html
Created html/players/940.html
Created html/players/941.html
Created html/players/942.html
Created html/players/943.html
Created html/players/944.html
Created html/players/945.html
Created html/players/946.html
Created html/players/947.html
Created html/players/948.html
Created html/players/949.html
Created html/players/950.html
Created html/players/951.html
Created html/players/952.html
Created html/players/953.html
Created html/players/954.html
Created html/players/955.html
Created html/players/956.html
Created html/players/957.html
Created html/players/958.html
Created html/players/959.html
Created html/players/960.html
Created html/players/961.html
Created html/players/962.html
Created html/players/963.html
Created html/players/964.html
Created html/players/965.html
Created html/players/966.html
Created html/players/967.html
Created html/players/968.html
Created html/players/969.html
Created html/players/970.html
Created html/players/971.html
Created html/players/972.html
Created html/players/973.html
Created html/players/974.html
Created html/players/975.html
Created html/players/976.html
Created html/players/977.html
Created html/players/978.html
Created html/players/979.html
Created html/players/980.html
Created html/players/981.html
Created html/players/982.html
Created html/players/983.html
Created html/players/984.html
Created html/players/985.html
Created html/players/986.html
Created html/players/987.html
Created html/players/988.html
Created html/players/989.html
Created html/players/990.html
Created html/players/991.html
Created html/players/992.html
Created html/players/993.html
Created html/players/994.html
Created html/players/995.html
Created html/players/996.html
Created html/players/997.html
Created html/players/998.html
Created html/players/999.html
Created html/players/1000.html
Created html/players/1001.html
Created html/players/1002.html
Created html/players/1003.html
Created html/players/1004.html
Created html/players/1005.html
Created html/players/1006.html
Created html/players/1007.html
Created html/players/1008.html
Created html/players/1009.html
Created html/players/1010.html
Created html/players/1011.html
Created html/players/1012.html
Created html/players/1013.html
Created html/players/1014.html
Created html/players/1015.html
Created html/players/1016.html
Created html/players/1017.html
Created html/players/1018.html
Created html/players/1019.html
Created html/players/1020.html
Created html/players/1021.html
Created html/players/1022.html
Created html/players/1023.html
Created html/players/1024.html
Created html/players/1025.html
Created html/players/1026.html
Created html/players/1027.html
Created html/players/1028.html
Created html/players/1029.html
Created html/players/1030.html
Created html/players/1031.html
Created html/players/1032.html
Created html/players/1033.html
Created html/players/1034.html
Created html/players/1035.html
Created html/players/1036.html
Created html/players/1037.html
Created html/players/1038.html
Created html/players/1039.html
Created html/players/1040.html
Created html/players/1041.html
Created html/players/1042.html
Created html/players/1043.html
Created html/players/1044.html
Created html/players/1045.html
Created html/players/1046.html
Created html/players/1047.html
Created html/players/1048.html
Created html/players/1049.html
Created html/players/1050.html
Created html/players/1051.html
Created html/players/1052.html
Created html/players/1053.html
Created html/players/1054.html
Created html/players/1055.html
Created html/players/1056.html
Created html/players/1057.html
Created html/players/1058.html
Created html/players/1059.html
Created html/players/1060.html
Created html/players/1061.html
Created html/players/1062.html
Created html/players/1063.html
Created html/players/1064.html
Created html/players/1065.html
Created html/players/1066.html
Created html/players/1067.html
Created html/players/1068.html
Created html/players/1069.html
Created html/players/1070.html
Created html/players/1071.html
Created html/players/1072.html
Created html/players/1073.html
Created html/players/1074.html
Created html/players/1075.html
Created html/players/1076.html
Created html/players/1077.html
Created html/players/1078.html
Created html/players/1079.html
Created html/players/1080.html
Created html/players/1081.html
Created html/players/1082.html
Created html/players/1083.html
Created html/players/1084.html
Created html/players/1085.html
Created html/players/1086.html
Created html/players/1087.html
Created html/players/1088.html
Created html/players/1089.html
Created html/players/1090.html
Created html/players/1091.html
Created html/players/1092.html
Created html/players/1093.html
Created html/players/1094.html
Created html/players/1095.html
Created html/players/1096.html
Created html/players/1097.html
Created html/players/1098.html
Created html/players/1099.html
Created html/players/1100.html
Created html/players/1101.html
Created html/players/1102.html
Created html/players/1103.html
Created html/players/1104.html
Created html/players/1105.html
Created html/players/1106.html
Created html/players/1107.html
Created html/players/1108.html
Created html/players/1109.html
Created html/players/1110.html
Created html/players/1111.html
Created html/players/1112.html
Created html/players/1113.html
Created html/players/1114.html
Created html/players/1115.html
Created html/players/1116.html
Created html/players/1117.html
Created html/players/1118.html
Created html/players/1119.html
Created html/players/1120.html
Created html/players/1121.html
Created html/players/1122.html
Created html/players/1123.html
Created html/players/1124.html
Created html/players/1125.html
Created html/players/1126.html
Created html/players/1127.html
Created html/players/1128.html
Created html/players/1129.html
Created html/players/1130.html
Created html/players/1131.html
Created html/players/1132.html
Created html/players/1133.html
Created html/players/1134.html
Created html/players/1135.html
Created html/players/1136.html
Created html/players/1137.html
Created html/players/1138.html
Created html/players/1139.html
Created html/players/1140.html
Created html/players/1141.html
Created html/players/1142.html
Created html/players/1143.html
Created html/players/1144.html
Created html/players/1145.html
Created html/players/1146.html
Created html/players/1147.html
Created html/players/1148.html
Created html/players/1149.html
Created html/players/1150.html
Created html/players/1151.html
Created html/players/1152.html
Created html/players/1153.html
Created html/players/1154.html
Created html/players/1155.html
Created html/players/1156.html
Created html/players/1157.html
Created html/players/1158.html
Created html/players/1159.html
Created html/players/1160.html
Created html/players/1161.html
Created html/players/1162.html
Created html/players/1163.html
Created html/players/1164.html
Created html/players/1165.html
Created html/players/1166.html
Created html/players/1167.html
Created html/players/1168.html
Created html/players/1169.html
Created html/players/1170.html
Created html/players/1171.html
Created html/players/1172.html
Created html/players/1173.html
Created html/players/1174.html
Created html/players/1175.html
Created html/players/1176.html
Created html/players/1177.html
Created html/players/1178.html
Created html/players/1179.html
Created html/players/1180.html
Created html/players/1181.html
Created html/players/1182.html
Created html/players/1183.html
Created html/players/1184.html
Created html/players/1185.html
Created html/players/1186.html
Created html/players/1187.html
Created html/players/1188.html
Created html/players/1189.html
Created html/players/1190.html
Created html/players/1191.html
Created html/players/1192.html
Created html/players/1193.html
Created html/players/1194.html
Created html/players/1195.html
Created html/players/1196.html
Created html/players/1197.html
Created html/players/1198.html
Created html/players/1199.html
Created html/players/1200.html
Created html/players/1201.html
Created html/players/1202.html
Created html/players/1203.html
Created html/players/1204.html
Created html/players/1205.html
Created html/players/1206.html
Created html/players/1207.html
Created html/players/1208.html
Created html/players/1209.html
Created html/players/1210.html
Created html/players/1211.html
Created html/players/1212.html
Created html/players/1213.html
Created html/players/1214.html
Created html/players/1215.html
Created html/players/1216.html
Created html/players/1217.html
Created html/players/1218.html
Created html/players/1219.html
Created html/players/1220.html
Created html/players/1221.html
Created html/players/1222.html
Created html/players/1223.html
Created html/players/1224.html
Created html/players/1225.html
Created html/players/1226.html
Created html/players/1227.html
Created html/players/1228.html
Created html/players/1229.html
Created html/players/1230.html
Created html/players/1231.html
Created html/players/1232.html
Created html/players/1233.html
Created html/players/1234.html
Created html/players/1235.html
Created html/players/1236.html
Created html/players/1237.html
Created html/players/1238.html
Created html/players/1239.html
Created html/players/1240.html
Created html/players/1241.html
Created html/players/1242.html
Created html/players/1243.html
Created html/players/1244.html
Created html/players/1245.html
Created html/players/1246.html
Created html/players/1247.html
Created html/players/1248.html
Created html/players/1249.html
Created html/players/1250.html
Created html/players/1251.html
Created html/players/1252.html
Created html/players/1253.html
Created html/players/1254.html
Created html/players/1255.html
Created html/players/1256.html
Created html/players/1257.html
Created html/players/1258.html
Created html/players/1259.html
Created html/players/1260.html
Created html/players/1261.html
Created html/players/1262.html
Created html/players/1263.html
Created html/players/1264.html
Created html/players/1265.html
Created html/players/1266.html
Created html/players/1267.html
Created html/players/1268.html
Created html/players/1269.html
Created html/players/1270.html
Created html/players/1271.html
Created html/players/1272.html
Created html/players/1273.html
Created html/players/1274.html
Created html/players/1275.html
Created html/players/1276.html
Created html/players/1277.html
Created html/players/1278.html
Created html/players/1279.html
Created html/players/1280.html
Created html/players/1281.html
Created html/players/1282.html
Created html/players/1283.html
Created html/players/1284.html
Created html/players/1285.html
Created html/players/1286.html
Created html/players/1287.html
Created html/players/1288.html
Created html/players/1289.html
Created html/players/1290.html
Created html/players/1291.html
Created html/players/1292.html
Created html/players/1293.html
Created html/players/1294.html
Created html/players/1295.html
Created html/players/1296.html
Created html/players/1297.html
Created html/players/1298.html
Created html/players/1299.html
Created html/players/1300.html
Created html/players/1301.html
Created html/players/1302.html
Created html/players/1303.html
Created html/players/1304.html
Created html/players/1305.html
Created html/players/1306.html
Created html/players/1307.html
Created html/players/1308.html
Created html/players/1309.html
Created html/players/1310.html
Created html/players/1311.html
Created html/players/1312.html
Created html/players/1313.html
Created html/players/1314.html
Created html/players/1315.html
Created html/players/1316.html
Created html/players/1317.html
Created html/players/1318.html
Created html/players/1319.html
Created html/players/1320.html
Created html/players/1321.html
Created html/players/1322.html
Created html/players/1323.html
Created html/players/1324.html
Created html/players/1325.html
Created html/players/1326.html
Created html/players/1327.html
Created html/players/1328.html
Created html/players/1329.html
Created html/players/1330.html
Created html/players/1331.html
Created html/players/1332.html
Created html/players/1333.html
Created html/players/1334.html
Created html/players/1335.html
Created html/players/1336.html
Created html/players/1337.html
Created html/players/1338.html
Created html/players/1339.html
Created html/players/1340.html
Created html/players/1341.html
Created html/players/1342.html
Created html/players/1343.html
Created html/players/1344.html
Created html/players/1345.html
Created html/players/1346.html
Created html/players/1347.html
Created html/players/1348.html
Created html/players/1349.html
Created html/players/1350.html
Created html/players/1351.html
Created html/players/1352.html
Created html/players/1353.html
Created html/players/1354.html
Created html/players/1355.html
Created html/players/1356.html
Created html/players/1357.html
Created html/players/1358.html
Created html/players/1359.html
Created html/players/1360.html
Created html/players/1361.html
Created html/players/1362.html
Created html/players/1363.html
Created html/players/1364.html
Created html/players/1365.html
Created html/players/1366.html
Created html/players/1367.html
Created html/players/1368.html
Created html/players/1369.html
Created html/players/1370.html
Created html/players/1371.html
Created html/players/1372.html
Created html/players/1373.html
Created html/players/1374.html
Created html/players/1375.html
Created html/players/1376.html
Created html/players/1377.html
Created html/players/1378.html
Created html/players/1379.html
Created html/players/1380.html
Created html/players/1381.html
Created html/players/1382.html
Created html/players/1383.html
Created html/players/1384.html
Created html/players/1385.html
Created html/players/1386.html
Created html/players/1387.html
Created html/players/1388.html
Created html/players/1389.html
Created html/players/1390.html
Created html/players/1391.html
Created html/players/1392.html
Created html/players/1393.html
Created html/players/1394.html
Created html/players/1395.html
Created html/players/1396.html
Created html/players/1397.html
Created html/players/1398.html
Created html/players/1399.html
Created html/players/1400.html
Created html/players/1401.html
Created html/players/1402.html
Created html/players/1403.html
Created html/players/1404.html
Created html/players/1405.html
Created html/players/1406.html
Created html/players/1407.html
Created html/players/1408.html
Created html/players/1409.html
Created html/players/1410.html
Created html/players/1411.html
Created html/players/1412.html
Created html/players/1413.html
Created html/players/1414.html
Created html/players/1415.html
Created html/players/1416.html
Created html/players/1417.html
Created html/players/1418.html
Created html/players/1419.html
Created html/players/1420.html
Created html/players/1421.html
Created html/players/1422.html
Created html/players/1423.html
Created html/players/1424.html
Created html/players/1425.html
Created html/players/1426.html
Created html/players/1427.html
Created html/players/1428.html
Created html/players/1429.html
Created html/players/1430.html
Created html/players/1431.html
Created html/players/1432.html
Created html/players/1433.html
Created html/players/1434.html
Created html/players/1435.html
Created html/players/1436.html
Created html/players/1437.html
Created html/players/1438.html
Created html/players/1439.html
Created html/players/1440.html
Created html/players/1441.html
Created html/players/1442.html
Created html/players/1443.html
Created html/players/1444.html
Created html/players/1445.html
Created html/players/1446.html
Created html/players/1447.html
Created html/players/1448.html
Created html/players/1449.html
Created html/players/1450.html
Created html/players/1451.html
Created html/players/1452.html
Created html/players/1453.html
Created html/players/1454.html
Created html/players/1455.html
Created html/players/1456.html
Created html/players/1457.html
Created html/players/1458.html
Created html/players/1459.html
Created html/players/1460.html
Created html/players/1461.html
Created html/players/1462.html
Created html/players/1463.html
Created html/players/1464.html
Created html/players/1465.html
Created html/players/1466.html
Created html/players/1467.html
Created html/players/1468.html
Created html/players/1469.html
Created html/players/1470.html
Created html/players/1471.html
Created html/players/1472.html
Created html/players/1473.html
Created html/players/1474.html
Created html/players/1475.html
Created html/players/1476.html
Created html/players/1477.html
Created html/players/1478.html
Created html/players/1479.html
Created html/players/1480.html
Created html/players/1481.html
Created html/players/1482.html
Created html/players/1483.html
Created html/players/1484.html
Created html/players/1485.html
Created html/players/1486.html
Created html/players/1487.html
Created html/players/1488.html
Created html/players/1489.html
Created html/players/1490.html
Created html/players/1491.html
Created html/players/1492.html
Created html/players/1493.html
Created html/players/1494.html
Created html/players/1495.html
Created html/players/1496.html
Created html/players/1497.html
Created html/players/1498.html
Created html/players/1499.html
Created html/players/1500.html
Created html/players/1501.html
Created html/players/1502.html
Created html/players/1503.html
Created html/players/1504.html
Created html/players/1505.html
Created html/players/1506.html
Created html/players/1507.html
Created html/players/1508.html
Created html/players/1509.html
Created html/players/1510.html
Created html/players/1511.html
Created html/players/1512.html
Created html/players/1513.html
Created html/players/1514.html
Created html/players/1515.html
Created html/players/1516.html
Created html/players/1517.html
Created html/players/1518.html
Created html/players/1519.html
Created html/players/1520.html
Created html/players/1521.html
Created html/players/1522.html
Created html/players/1523.html
Created html/players/1524.html
Created html/players/1525.html
Created html/players/1526.html
Created html/players/1527.html
Created html/players/1528.html
Created html/players/1529.html
Created html/players/1530.html
Created html/players/1531.html
Created html/players/1532.html
Created html/players/1533.html
Created html/players/1534.html
Created html/players/1535.html
Created html/players/1536.html
Created html/players/1537.html
Created html/players/1538.html
Created html/players/1539.html
Created html/players/1540.html
Created html/players/1541.html
Created html/players/1542.html
Created html/players/1543.html
Created html/players/1544.html
Created html/players/1545.html
Created html/players/1546.html
Created html/players/1547.html
Created html/players/1548.html
Created html/players/1549.html
Created html/players/1550.html
Created html/players/1551.html
Created html/players/1552.html
Created html/players/1553.html
Created html/players/1554.html
Created html/players/1555.html
Created html/players/1556.html
Created html/players/1557.html
Created html/players/1558.html
Created html/players/1559.html
Created html/players/1560.html
Created html/players/1561.html
Created html/players/1562.html
Created html/players/1563.html
Created html/players/1564.html
Created html/players/1565.html
Created html/players/1566.html
Created html/players/1567.html
Created html/players/1568.html
Created html/players/1569.html
Created html/players/1570.html
Created html/players/1571.html
Created html/players/1572.html
Created html/players/1573.html
Created html/players/1574.html
Created html/players/1575.html
Created html/players/1576.html
Created html/players/1577.html
Created html/players/1578.html
Created html/players/1579.html
Created html/players/1580.html
Created html/players/1581.html
Created html/players/1582.html
Created html/players/1583.html
Created html/players/1584.html
Created html/players/1585.html
Created html/players/1586.html
Created html/players/1587.html
Created html/players/1588.html
Created html/players/1589.html
Created html/players/1590.html
Created html/players/1591.html
Created html/players/1592.html
Created html/players/1593.html
Created html/players/1594.html
Created html/players/1595.html
Created html/players/1596.html
Created html/players/1597.html
Created html/players/1598.html
Created html/players/1599.html
Created html/players/1600.html
Created html/players/1601.html
Created html/players/1602.html
Created html/players/1603.html
Created html/players/1604.html
Created html/players/1605.html
Created html/players/1606.html
Created html/players/1607.html
Created html/players/1608.html
Created html/players/1609.html
Created html/players/1610.html
Created html/players/1611.html
Created html/players/1612.html
Created html/players/1613.html
Created html/players/1614.html
Created html/players/1615.html
Created html/players/1616.html
Created html/players/1617.html
Created html/players/1618.html
Created html/players/1619.html
Created html/players/1620.html
Created html/players/1621.html
Created html/players/1622.html
Created html/players/1623.html
Created html/players/1624.html
Created html/players/1625.html
Created html/players/1626.html
Created html/players/1627.html
Created html/players/1628.html
Created html/players/1629.html
Created html/players/1630.html
Created html/players/1631.html
Created html/players/1632.html
Created html/players/1633.html
Created html/players/1634.html
Created html/players/1635.html
Created html/players/1636.html
Created html/players/1637.html
Created html/players/1638.html
Created html/players/1639.html
Created html/players/1640.html
Created html/players/1641.html
Created html/players/1642.html
Created html/players/1643.html
Created html/players/1644.html
Created html/players/1645.html
Created html/players/1646.html
Created html/players/1647.html
Created html/players/1648.html
Created html/players/1649.html
Created html/players/1650.html
Created html/players/1651.html
Created html/players/1652.html
Created html/players/1653.html
Created html/players/1654.html
Created html/players/1655.html
Created html/players/1656.html
Created html/players/1657.html
Created html/players/1658.html
Created html/players/1659.html
Created html/players/1660.html
Created html/players/1661.html
Created html/players/1662.html
Created html/players/1663.html
Created html/players/1664.html
Created html/players/1665.html
Created html/players/1666.html
Created html/players/1667.html
Created html/players/1668.html
Created html/players/1669.html
Created html/players/1670.html
Created html/players/1671.html
Created html/players/1672.html
Created html/players/1673.html
Created html/players/1674.html
Created html/players/1675.html
Created html/players/1676.html
Created html/players/1677.html
Created html/players/1678.html
Created html/players/1679.html
Created html/players/1680.html
Created html/players/1681.html
Created html/players/1682.html
Created html/players/1683.html
Created html/players/1684.html
Created html/players/1685.html
Created html/players/1686.html
Created html/players/1687.html
Created html/players/1688.html
Created html/players/1689.html
Created html/players/1690.html
Created html/players/1691.html
Created html/players/1692.html
Created html/players/1693.html
Created html/players/1694.html
Created html/players/1695.html
Created html/players/1696.html
Created html/players/1697.html
Created html/players/1698.html
Created html/players/1699.html
Created html/players/1700.html
Created html/players/1701.html
Created html/players/1702.html
Created html/players/1703.html
Created html/players/1704.html
Created html/players/1705.html
Created html/players/1706.html
Created html/players/1707.html
Created html/players/1708.html
Created html/players/1709.html
Created html/players/1710.html
Created html/players/1711.html
Created html/players/1712.html
Created html/players/1713.html
Created html/players/1714.html
Created html/players/1715.html
Created html/players/1716.html
Created html/players/1717.html
Created html/players/1718.html
Created html/players/1719.html
Created html/players/1720.html
Created html/players/1721.html
Created html/players/1722.html
Created html/players/1723.html
Created html/players/1724.html
Created html/players/1725.html
Created html/players/1726.html
Created html/players/1727.html
Created html/players/1728.html
Created html/players/1729.html
Created html/players/1730.html
Created html/players/1731.html
Created html/players/1732.html
Created html/players/1733.html
Created html/players/1734.html
Created html/players/1735.html
Created html/players/1736.html
Created html/players/1737.html
Created html/players/1738.html
Created html/players/1739.html
Created html/players/1740.html
Created html/players/1741.html
Created html/players/1742.html
Created html/players/1743.html
Created html/players/1744.html
Created html/players/1745.html
Created html/players/1746.html
Created html/players/1747.html
Created html/players/1748.html
Created html/players/1749.html
Created html/players/1750.html
Created html/players/1751.html
Created html/players/1752.html
Created html/players/1753.html
Created html/players/1754.html
Created html/players/1755.html
Created html/players/1756.html
Created html/players/1757.html
Created html/players/1758.html
Created html/players/1759.html
Created html/players/1760.html
Created html/players/1761.html
Created html/players/1762.html
Created html/players/1763.html
Created html/players/1764.html
Created html/players/1765.html
Created html/players/1766.html
Created html/players/1767.html
Created html/players/1768.html
Created html/players/1769.html
Created html/players/1770.html
Created html/players/1771.html
Created html/players/1772.html
Created html/players/1773.html
Created html/players/1774.html
Created html/players/1775.html
Created html/players/1776.html
Created html/players/1777.html
Created html/players/1778.html
Created html/players/1779.html
Created html/players/1780.html
Created html/players/1781.html
Created html/players/1782.html
Created html/players/1783.html
Created html/players/1784.html
Created html/players/1785.html
Created html/players/1786.html
Created html/players/1787.html
Created html/players/1788.html
Created html/players/1789.html
Created html/players/1790.html
Created html/players/1791.html
Created html/players/1792.html
Created html/players/1793.html
Created html/players/1794.html
Created html/players/1795.html
Created html/players/1796.html
Created html/players/1797.html
Created html/players/1798.html
Created html/players/1799.html
Created html/players/1800.html
Created html/players/1801.html
Created html/players/1802.html
Created html/players/1803.html
Created html/players/1804.html
Created html/players/1805.html
Created html/players/1806.html
Created html/players/1807.html
Created html/players/1808.html
Created html/players/1809.html
Created html/players/1810.html
Created html/players/1811.html
Created html/players/1812.html
Created html/players/1813.html
Created html/players/1814.html
Created html/players/1815.html
Created html/players/1816.html
Created html/players/1817.html
Created html/players/1818.html
Created html/players/1819.html
Created html/players/1820.html
Created html/players/1821.html
Created html/players/1822.html
Created html/players/1823.html
Created html/players/1824.html
Created html/players/1825.html
Created html/players/1826.html
Created html/players/1827.html
Created html/players/1828.html
Created html/players/1829.html
Created html/players/1830.html
Created html/players/1831.html
Created html/players/1832.html
Created html/players/1833.html
Created html/players/1834.html
Created html/players/1835.html
Created html/players/1836.html
Created html/players/1837.html
Created html/players/1838.html
Created html/players/1839.html
Created html/players/1840.html
Created html/players/1841.html
Created html/players/1842.html
Created html/players/1843.html
Created html/players/1844.html
Created html/players/1845.html
Created html/players/1846.html
Created html/players/1847.html
Created html/players/1848.html
Created html/players/1849.html
Created html/players/1850.html
Created html/players/1851.html
Created html/players/1852.html
Created html/players/1853.html
Created html/players/1854.html
Created html/players/1855.html
Created html/players/1856.html
Created html/players/1857.html
Created html/players/1858.html
Created html/players/1859.html
Created html/players/1860.html
Created html/players/1861.html
Created html/players/1862.html
Created html/players/1863.html
Created html/players/1864.html
Created html/players/1865.html
Created html/players/1866.html
Created html/players/1867.html
Created html/players/1868.html
Created html/players/1869.html
Created html/players/1870.html
Created html/players/1871.html
Created html/players/1872.html
Created html/players/1873.html
Created html/players/1874.html
Created html/players/1875.html
Created html/players/1876.html
Created html/players/1877.html
Created html/players/1878.html
Created html/players/1879.html
Created html/players/1880.html
Created html/players/1881.html
Created html/players/1882.html
Created html/players/1883.html
Created html/players/1884.html
Created html/players/1885.html
Created html/players/1886.html
Created html/players/1887.html
Created html/players/1888.html
Created html/players/1889.html
Created html/players/1890.html
Created html/players/1891.html
Created html/players/1892.html
Created html/players/1893.html
Created html/players/1894.html
Created html/players/1895.html
Created html/players/1896.html
Created html/players/1897.html
Created html/players/1898.html
Created html/players/1899.html
Created html/players/1900.html
Created html/players/1901.html
Created html/players/1902.html
Created html/players/1903.html
Created html/players/1904.html
Created html/players/1905.html
Created html/players/1906.html
Created html/players/1907.html
Created html/players/1908.html
Created html/players/1909.html
Created html/players/1910.html
Created html/players/1911.html
Created html/players/1912.html
Created html/players/1913.html
Created html/players/1914.html
Created html/players/1915.html
Created html/players/1916.html
Created html/players/1917.html
Created html/players/1918.html
Created html/players/1919.html
Created html/players/1920.html
Created html/players/1921.html
Created html/players/1922.html
Created html/players/1923.html
Created html/players/1924.html
Created html/players/1925.html
Created html/players/1926.html
Created html/players/1927.html
Created html/players/1928.html
Created html/players/1929.html
Created html/players/1930.html
Created html/players/1931.html
Created html/players/1932.html
Created html/players/1933.html
Created html/players/1934.html
Created html/players/1935.html
Created html/players/1936.html
Created html/players/1937.html
Created html/players/1938.html
Created html/players/1939.html
Created html/players/1940.html
Created html/players/1941.html
Created html/players/1942.html
Created html/players/1943.html
Created html/players/1944.html
Created html/players/1945.html
Created html/players/1946.html
Created html/players/1947.html
Created html/players/1948.html
Created html/players/1949.html
Created html/players/1950.html
Created html/players/1951.html
Created html/players/1952.html
Created html/players/1953.html
Created html/players/1954.html
Created html/players/1955.html
Created html/players/1956.html
Created html/players/1957.html
Created html/players/1958.html
Created html/players/1959.html
Created html/players/1960.html
Created html/players/1961.html
Created html/players/1962.html
Created html/players/1963.html
Created html/players/1964.html
Created html/players/1965.html
Created html/players/1966.html
Created html/players/1967.html
Created html/players/1968.html
Created html/players/1969.html
Created html/players/1970.html
Created html/players/1971.html
Created html/players/1972.html
Created html/players/1973.html
Created html/players/1974.html
Created html/players/1975.html
Created html/players/1976.html
Created html/players/1977.html
Created html/players/1978.html
Created html/players/1979.html
Created html/players/1980.html
Created html/players/1981.html
Created html/players/1982.html
Created html/players/1983.html
Created html/players/1984.html
Created html/players/1985.html
Created html/players/1986.html
Created html/players/1987.html
Created html/players/1988.html
Created html/players/1989.html
Created html/players/1990.html
Created html/players/1991.html
Created html/players/1992.html
Created html/players/1993.html
Created html/players/1994.html
Created html/players/1995.html
Created html/players/1996.html
Created html/players/1997.html
Created html/players/1998.html
Created html/players/1999.html
Created html/players/2000.html
Created html/players/2001.html
Created html/players/2002.html
Created html/players/2003.html
Created html/players/2004.html
Created html/players/2005.html
Created html/players/2006.html
Created html/players/2007.html
Created html/players/2008.html
Created html/players/2009.html
Created html/players/2010.html
Created html/players/2011.html
Created html/players/2012.html
Created html/players/2013.html
Created html/players/2014.html
Created html/players/2015.html
Created html/players/2016.html
Created html/players/2017.html
Created html/players/2018.html
Created html/players/2019.html
Created html/players/2020.html
Created html/players/2021.html
Created html/players/2022.html
Created html/players/2023.html
Created html/players/2024.html
Created html/players/2025.html
Created html/players/2026.html
Created html/players/2027.html
Created html/players/2028.html
Created html/players/2029.html
Created html/players/2030.html
Created html/players/2031.html
Created html/players/2032.html
Created html/players/2033.html
Created html/players/2034.html
Created html/players/2035.html
Created html/players/2036.html
Created html/players/2037.html
Created html/players/2038.html
Created html/players/2039.html
Created html/players/2040.html
Created html/players/2041.html
Created html/players/2042.html
Created html/players/2043.html
Created html/players/2044.html
Created html/players/2045.html
Created html/players/2046.html
Created html/players/2047.html
Created html/players/2048.html
Created html/players/2049.html
Created html/players/2050.html
Created html/players/2051.html
Created html/players/2052.html
Created html/players/2053.html
Created html/players/2054.html
Created html/players/2055.html
Created html/players/2056.html
Created html/players/2057.html
Created html/players/2058.html
Created html/players/2059.html
Created html/players/2060.html
Created html/players/2061.html
Created html/players/2062.html
Created html/players/2063.html
Created html/players/2064.html
Created html/players/2065.html
Created html/players/2066.html
Created html/players/2067.html
Created html/players/2068.html
Created html/players/2069.html
Created html/players/2070.html
Created html/players/2071.html
Created html/players/2072.html
Created html/players/2073.html
Created html/players/2074.html
Created html/players/2075.html
Created html/players/2076.html
Created html/players/2077.html
Created html/players/2078.html
Created html/players/2079.html
Created html/players/2080.html
Created html/players/2081.html
Created html/players/2082.html
Created html/players/2083.html
Created html/players/2084.html
Created html/players/2085.html
Created html/players/2086.html
Created html/players/2087.html
Created html/players/2088.html
Created html/players/2089.html
Created html/players/2090.html
Created html/players/2091.html
Created html/players/2092.html
Created html/players/2093.html
Created html/players/2094.html
Created html/players/2095.html
Created html/players/2096.html
Created html/players/2097.html
Created html/players/2098.html
Created html/players/2099.html
Created html/players/2100.html
Created html/players/2101.html
Created html/players/2102.html
Created html/players/2103.html
Created html/players/2104.html
Created html/players/2105.html
Created html/players/2106.html
Created html/players/2107.html
Created html/players/2108.html
Created html/players/2109.html
Created html/players/2110.html
Created html/players/2111.html
Created html/players/2112.html
Created html/players/2113.html
Created html/players/2114.html
Created html/players/2115.html
Created html/players/2116.html
Created html/players/2117.html
Created html/players/2118.html
Created html/players/2119.html
Created html/players/2120.html
Created html/players/2121.html
Created html/players/2122.html
Created html/players/2123.html
Created html/players/2124.html
Created html/players/2125.html
Created html/players/2126.html
Created html/players/2127.html
Created html/players/2128.html
Created html/players/2129.html
Created html/players/2130.html
Created html/players/2131.html
Created html/players/2132.html
Created html/players/2133.html
Created html/players/2134.html
Created html/players/2135.html
Created html/players/2136.html
Created html/players/2137.html
Created html/players/2138.html
Created html/players/2139.html
Created html/players/2140.html
Created html/players/2141.html
Created html/players/2142.html
Created html/players/2143.html
Created html/players/2144.html
Created html/players/2145.html
Created html/players/2146.html
Created html/players/2147.html
Created html/players/2148.html
Created html/players/2149.html
Created html/players/2150.html
Created html/players/2151.html
Created html/players/2152.html
Created html/players/2153.html
Created html/players/2154.html
Created html/players/2155.html
Created html/players/2156.html
Created html/players/2157.html
Created html/players/2158.html
Created html/players/2159.html
Created html/players/2160.html
Created html/players/2161.html
Created html/players/2162.html
Created html/players/2163.html
Created html/players/2164.html
Created html/players/2165.html
Created html/players/2166.html
Created html/players/2167.html
Created html/players/2168.html
Created html/players/2169.html
Created html/players/2170.html
Created html/players/2171.html
Created html/players/2172.html
Created html/players/2173.html
Created html/players/2174.html
Created html/players/2175.html
Created html/players/2176.html
Created html/players/2177.html
Created html/players/2178.html
Created html/players/2179.html
Created html/players/2180.html
Created html/players/2181.html
Created html/players/2182.html
Created html/players/2183.html
Created html/players/2184.html
Created html/players/2185.html
Created html/players/2186.html
Created html/players/2187.html
Created html/players/2188.html
Created html/players/2189.html
Created html/players/2190.html
Created html/players/2191.html
Created html/players/2192.html
Created html/players/2193.html
Created html/players/2194.html
Created html/players/2195.html
Created html/players/2196.html
Created html/players/2197.html
Created html/players/2198.html
Created html/players/2199.html
Created html/players/2200.html
Created html/players/2201.html
Created html/players/2202.html
Created html/players/2203.html
Created html/players/2204.html
Created html/players/2205.html
Created html/players/2206.html
Created html/players/2207.html
Created html/players/2208.html
Created html/players/2209.html
Created html/players/2210.html
Created html/players/2211.html
Created html/players/2212.html
Created html/players/2213.html
Created html/players/2214.html
Created html/players/2215.html
Created html/players/2216.html
Created html/players/2217.html
Created html/players/2218.html
Created html/players/2219.html
Created html/players/2220.html
Created html/players/2221.html
Created html/players/2222.html
Created html/players/2223.html
Created html/players/2224.html
Created html/players/2225.html
Created html/players/2226.html
Created html/players/2227.html
Created html/players/2228.html
Created html/players/2229.html
Created html/players/2230.html
Created html/players/2231.html
Created html/players/2232.html
Created html/players/2233.html
Created html/players/2234.html
Created html/players/2235.html
Created html/players/2236.html
Created html/players/2237.html
Created html/players/2238.html
Created html/players/2239.html
Created html/players/2240.html
Created html/players/2241.html
Created html/players/2242.html
Created html/players/2243.html
Created html/players/2244.html
Created html/players/2245.html
Created html/players/2246.html
Created html/players/2247.html
Created html/players/2248.html
Created html/players/2249.html
Created html/players/2250.html
Created html/players/2251.html
Created html/players/2252.html
Created html/players/2253.html
Created html/players/2254.html
Created html/players/2255.html
Created html/players/2256.html
Created html/players/2257.html
Created html/players/2258.html
Created html/players/2259.html
Created html/players/2260.html
Created html/players/2261.html
Created html/players/2262.html
Created html/players/2263.html
Created html/players/2264.html
Created html/players/2265.html
Created html/players/2266.html
Created html/players/2267.html
Created html/players/2268.html
Created html/players/2269.html
Created html/players/2270.html
Created html/players/2271.html
Created html/players/2272.html
Created html/players/2273.html
Created html/players/2274.html
Created html/players/2275.html
Created html/players/2276.html
Created html/players/2277.html
Created html/players/2278.html
Created html/players/2279.html
Created html/players/2280.html
Created html/players/2281.html
Created html/players/2282.html
Created html/players/2283.html
Created html/players/2284.html
Created html/players/2285.html
Created html/players/2286.html
Created html/players/2287.html
Created html/players/2288.html
Created html/players/2289.html
Created html/players/2290.html
Created html/players/2291.html
Created html/players/2292.html
Created html/players/2293.html
Created html/players/2294.html
Created html/players/2295.html
Created html/players/2296.html
Created html/players/2297.html
Created html/players/2298.html
Created html/players/2299.html
Created html/players/2300.html
Created html/players/2301.html
Created html/players/2302.html
Created html/players/2303.html
Created html/players/2304.html
Created html/players/2305.html
Created html/players/2306.html
Created html/players/2307.html
Created html/players/2308.html
Created html/players/2309.html
Created html/players/2310.html
Created html/players/2311.html
Created html/players/2312.html
Created html/players/2313.html
Created html/players/2314.html
Created html/players/2315.html
Created html/players/2316.html
Created html/players/2317.html
Created html/players/2318.html
Created html/players/2319.html
Created html/players/2320.html
Created html/players/2321.html
Created html/players/2322.html
Created html/players/2323.html
Created html/players/2324.html
Created html/players/2325.html
Created html/players/2326.html
Created html/players/2327.html
Created html/players/2328.html
Created html/players/2329.html
Created html/players/2330.html
Created html/players/2331.html
Created html/players/2332.html
Created html/players/2333.html
Created html/players/2334.html
Created html/players/2335.html
Created html/players/2336.html
Created html/players/2337.html
Created html/players/2338.html
Created html/players/2339.html
Created html/players/2340.html
Created html/players/2341.html
Created html/players/2342.html
Created html/players/2343.html
Created html/players/2344.html
Created html/players/2345.html
Created html/players/2346.html
Created html/players/2347.html
Created html/players/2348.html
Created html/players/2349.html
Created html/players/2350.html
Created html/players/2351.html
Created html/players/2352.html
Created html/players/2353.html
Created html/players/2354.html
Created html/players/2355.html
Created html/players/2356.html
Created html/players/2357.html
Created html/players/2358.html
Created html/players/2359.html
Created html/players/2360.html
Created html/players/2361.html
Created html/players/2362.html
Created html/players/2363.html
Created html/players/2364.html
Created html/players/2365.html
Created html/players/2366.html
Created html/players/2367.html
Created html/players/2368.html
Created html/players/2369.html
Created html/players/2370.html
Created html/players/2371.html
Created html/players/2372.html
Created html/players/2373.html
Created html/players/2374.html
Created html/players/2375.html
Created html/players/2376.html
Created html/players/2377.html
Created html/players/2378.html
Created html/players/2379.html
Created html/players/2380.html
Created html/players/2381.html
Created html/players/2382.html
Created html/players/2383.html
Created html/players/2384.html
Created html/players/2385.html
Created html/players/2386.html
Created html/players/2387.html
Created html/players/2388.html
Created html/players/2389.html
Created html/players/2390.html
Created html/players/2391.html
Created html/players/2392.html
Created html/players/2393.html
Created html/players/2394.html
Created html/players/2395.html
Created html/players/2396.html
Created html/players/2397.html
Created html/players/2398.html
Created html/players/2399.html
Created html/players/2400.html
Created html/players/2401.html
Created html/players/2402.html
Created html/players/2403.html
Created html/players/2404.html
Created html/players/2405.html
Created html/players/2406.html
Created html/players/2407.html
Created html/players/2408.html
Created html/players/2409.html
Created html/players/2410.html
Created html/players/2411.html
Created html/players/2412.html
Created html/players/2413.html
Created html/players/2414.html
Created html/players/2415.html
Created html/players/2416.html
Created html/players/2417.html
Created html/players/2418.html
Created html/players/2419.html
Created html/players/2420.html
Created html/players/2421.html
Created html/players/2422.html
Created html/players/2423.html
Created html/players/2424.html
Created html/players/2425.html
Created html/players/2426.html
Created html/players/2427.html
Created html/players/2428.html
Created html/players/2429.html
Created html/players/2430.html
Created html/players/2431.html
Created html/players/2432.html
Created html/players/2433.html
Created html/players/2434.html
Created html/players/2435.html
Created html/players/2436.html
Created html/players/2437.html
Created html/players/2438.html
Created html/players/2439.html
Created html/players/2440.html
Created html/players/2441.html
Created html/players/2442.html
Created html/players/2443.html
Created html/players/2444.html
Created html/players/2445.html
Created html/players/2446.html
Created html/players/2447.html
Created html/players/2448.html
Created html/players/2449.html
Created html/players/2450.html
Created html/players/2451.html
Created html/players/2452.html
Created html/players/2453.html
Created html/players/2454.html
Created html/players/2455.html
Created html/players/2456.html
Created html/players/2457.html
Created html/players/2458.html
Created html/players/2459.html
Created html/players/2460.html
Created html/players/2461.html
Created html/players/2462.html
Created html/players/2463.html
Created html/players/2464.html
Created html/players/2465.html
Created html/players/2466.html
Created html/players/2467.html
Created html/players/2468.html
Created html/players/2469.html
Created html/players/2470.html
Created html/players/2471.html
Created html/players/2472.html
Created html/players/2473.html
Created html/players/2474.html
Created html/players/2475.html
Created html/players/2476.html
Created html/players/2477.html
Created html/players/2478.html
Created html/players/2479.html
Created html/players/2480.html
Created html/players/2481.html
Created html/players/2482.html
Created html/players/2483.html
Created html/players/2484.html
Created html/players/2485.html
Created html/players/2486.html
Created html/players/2487.html
Created html/players/2488.html
Created html/players/2489.html
Created html/players/2490.html
Created html/players/2491.html
Created html/players/2492.html
Created html/players/2493.html
Created html/players/2494.html
Created html/players/2495.html
Created html/players/2496.html
Created html/players/2497.html
Created html/players/2498.html
Created html/players/2499.html
Created html/players/2500.html
Created html/players/2501.html
Created html/players/2502.html
Created html/players/2503.html
Created html/players/2504.html
Created html/players/2505.html
Created html/players/2506.html
Created html/players/2507.html
Created html/players/2508.html
Created html/players/2509.html
Created html/players/2510.html
Created html/players/2511.html
Created html/players/2512.html
Created html/players/2513.html
Created html/players/2514.html
Created html/players/2515.html
Created html/players/2516.html
Created html/players/2517.html
Created html/players/2518.html
Created html/players/2519.html
Created html/players/2520.html
Created html/players/2521.html
Created html/players/2522.html
Created html/players/2523.html
Created html/players/2524.html
Created html/players/2525.html
Created html/players/2526.html
Created html/players/2527.html
Created html/players/2528.html
Created html/players/2529.html
Created html/players/2530.html
Created html/players/2531.html
Created html/players/2532.html
Created html/players/2533.html
Created html/players/2534.html
Created html/players/2535.html
Created html/players/2536.html
Created html/players/2537.html
Created html/players/2538.html
Created html/players/2539.html
Created html/players/2540.html
Created html/players/2541.html
Created html/players/2542.html
Created html/players/2543.html
Created html/players/2544.html
Created html/players/2545.html
Created html/players/2546.html
Created html/players/2547.html
Created html/players/2548.html
Created html/players/2549.html
Created html/players/2550.html
Created html/players/2551.html
Created html/players/2552.html
Created html/players/2553.html
Created html/players/2554.html
Created html/players/2555.html
Created html/players/2556.html
Created html/players/2557.html
Created html/players/2558.html
Created html/players/2559.html
Created html/players/2560.html
Created html/players/2561.html
Created html/players/2562.html
Created html/players/2563.html
Created html/players/2564.html
Created html/players/2565.html
Created html/players/2566.html
Created html/players/2567.html
Created html/players/2568.html
Created html/players/2569.html
Created html/players/2570.html
Created html/players/2571.html
Created html/players/2572.html
Created html/players/2573.html
Created html/players/2574.html
Created html/players/2575.html
Created html/players/2576.html
Created html/players/2577.html
Created html/players/2578.html
Created html/players/2579.html
Created html/players/2580.html
Created html/players/2581.html
Created html/players/2582.html
Created html/players/2583.html
Created html/players/2584.html
Created html/players/2585.html
Created html/players/2586.html
Created html/players/2587.html
Created html/players/2588.html
Created html/players/2589.html
Created html/players/2590.html
Created html/players/2591.html
Created html/players/2592.html
Created html/players/2593.html
Created html/players/2594.html
Created html/players/2595.html
Created html/players/2596.html
Created html/players/2597.html
Created html/players/2598.html
Created html/players/2599.html
Created html/players/2600.html
Created html/players/2601.html
Created html/players/2602.html
Created html/players/2603.html
Created html/players/2604.html
Created html/players/2605.html
Created html/players/2606.html
Created html/players/2607.html
Created html/players/2608.html
Created html/players/2609.html
Created html/players/2610.html
Created html/players/2611.html
Created html/players/2612.html
Created html/players/2613.html
Created html/players/2614.html
Created html/players/2615.html
Created html/players/2616.html
Created html/players/2617.html
Created html/players/2618.html
Created html/players/2619.html
Created html/players/2620.html
Created html/players/2621.html
Created html/players/2622.html
Created html/players/2623.html
Created html/players/2624.html
Created html/players/2625.html
Created html/players/2626.html
Created html/players/2627.html
Created html/players/2628.html
Created html/players/2629.html
Created html/players/2630.html
Created html/players/2631.html
Created html/players/2632.html
Created html/players/2633.html
Created html/players/2634.html
Created html/players/2635.html
Created html/players/2636.html
Created html/players/2637.html
Created html/players/2638.html
Created html/players/2639.html
Created html/players/2640.html
Created html/players/2641.html
Created html/players/2642.html
Created html/players/2643.html
Created html/players/2644.html
Created html/players/2645.html
Created html/players/2646.html
Created html/players/2647.html
Created html/players/2648.html
Created html/players/2649.html
Created html/players/2650.html
Created html/players/2651.html
Created html/players/2652.html
Created html/players/2653.html
Created html/players/2654.html
Created html/players/2655.html
Created html/players/2656.html
Created html/players/2657.html
Created html/players/2658.html
Created html/players/2659.html
Created html/players/2660.html
Created html/players/2661.html
Created html/players/2662.html
Created html/players/2663.html
Created html/players/2664.html
Created html/players/2665.html
Created html/players/2666.html
Created html/players/2667.html
Created html/players/2668.html
Created html/players/2669.html
Created html/players/2670.html
Created html/players/2671.html
Created html/players/2672.html
Created html/players/2673.html
Created html/players/2674.html
Created html/players/2675.html
Created html/players/2676.html
Created html/players/2677.html
Created html/players/2678.html
Created html/players/2679.html
Created html/players/2680.html
Created html/players/2681.html
Created html/players/2682.html
Created html/players/2683.html
Created html/players/2684.html
Created html/players/2685.html
Created html/players/2686.html
Created html/players/2687.html
Created html/players/2688.html
Created html/players/2689.html
Created html/players/2690.html
Created html/players/2691.html
Created html/players/2692.html
Created html/players/2693.html
Created html/players/2694.html
Created html/players/2695.html
Created html/players/2696.html
Created html/players/2697.html
Created html/players/2698.html
Created html/players/2699.html
Created html/players/2700.html
Created html/players/2701.html
Created html/players/2702.html
Created html/players/2703.html
Created html/players/2704.html
Created html/players/2705.html
Created html/players/2706.html
Created html/players/2707.html
Created html/players/2708.html
Created html/players/2709.html
Created html/players/2710.html
Created html/players/2711.html
Created html/players/2712.html
Created html/players/2713.html
Created html/players/2714.html
Created html/players/2715.html
Created html/players/2716.html
Created html/players/2717.html
Created html/players/2718.html
Created html/players/2719.html
Created html/players/2720.html
Created html/players/2721.html
Created html/players/2722.html
Created html/players/2723.html
Created html/players/2724.html
Created html/players/2725.html
Created html/players/2726.html
Created html/players/2727.html
Created html/players/2728.html
Created html/players/2729.html
Created html/players/2730.html
Created html/players/2731.html
Created html/players/2732.html
Created html/players/2733.html
Created html/players/2734.html
Created html/players/2735.html
Created html/players/2736.html
Created html/players/2737.html
Created html/players/2738.html
Created html/players/2739.html
Created html/players/2740.html
Created html/players/2741.html
Created html/players/2742.html
Created html/players/2743.html
Created html/players/2744.html
Created html/players/2745.html
Created html/players/2746.html
Created html/players/2747.html
Created html/players/2748.html
Created html/players/2749.html
Created html/players/2750.html
Created html/players/2751.html
Created html/players/2752.html
Created html/players/2753.html
Created html/players/2754.html
Created html/players/2755.html
Created html/players/2756.html
Created html/players/2757.html
Created html/players/2758.html
Created html/players/2759.html
Created html/players/2760.html
Created html/players/2761.html
Created html/players/2762.html
Created html/players/2763.html
Created html/players/2764.html
Created html/players/2765.html
Created html/players/2766.html
Created html/players/2767.html
Created html/players/2768.html
Created html/players/2769.html
Created html/players/2770.html
Created html/players/2771.html
Created html/players/2772.html
Created html/players/2773.html
Created html/players/2774.html
Created html/players/2775.html
Created html/players/2776.html
Created html/players/2777.html
Created html/players/2778.html
Created html/players/2779.html
Created html/players/2780.html
Created html/players/2781.html
Created html/players/2782.html
Created html/players/2783.html
Created html/players/2784.html
Created html/players/2785.html
Created html/players/2786.html
Created html/players/2787.html
Created html/players/2788.html
Created html/players/2789.html
Created html/players/2790.html
Created html/players/2791.html
Created html/players/2792.html
Created html/players/2793.html
Created html/players/2794.html
Created html/players/2795.html
Created html/players/2796.html
Created html/players/2797.html
Created html/players/2798.html
Created html/players/2799.html
Created html/players/2800.html
Created html/players/2801.html
Created html/players/2802.html
Created html/players/2803.html
Created html/players/2804.html
Created html/players/2805.html
Created html/players/2806.html
Created html/players/2807.html
Created html/players/2808.html
Created html/players/2809.html
Created html/players/2810.html
Created html/players/2811.html
Created html/players/2812.html
Created html/players/2813.html
Created html/players/2814.html
Created html/players/2815.html
Created html/players/2816.html
Created html/players/2817.html
Created html/players/2818.html
Created html/players/2819.html
Created html/players/2820.html
Created html/players/2821.html
Created html/players/2822.html
Created html/players/2823.html
Created html/players/2824.html
Created html/players/2825.html
Created html/players/2826.html
Created html/players/2827.html
Created html/players/2828.html
Created html/players/2829.html
Created html/players/2830.html
Created html/players/2831.html
Created html/players/2832.html
Created html/players/2833.html
Created html/players/2834.html
Created html/players/2835.html
Created html/players/2836.html
Created html/players/2837.html
Created html/players/2838.html
Created html/players/2839.html
Created html/players/2840.html
Created html/players/2841.html
Created html/players/2842.html
Created html/players/2843.html
Created html/players/2844.html
Created html/players/2845.html
Created html/players/2846.html
Created html/players/2847.html
Created html/players/2848.html
Created html/players/2849.html
Created html/players/2850.html
Created html/players/2851.html
Created html/players/2852.html
Created html/players/2853.html
Created html/players/2854.html
Created html/players/2855.html
Created html/players/2856.html
Created html/players/2857.html
Created html/players/2858.html
Created html/players/2859.html
Created html/players/2860.html
Created html/players/2861.html
Created html/players/2862.html
Created html/players/2863.html
Created html/players/2864.html
Created html/players/2865.html
Created html/players/2866.html
Created html/players/2867.html
Created html/players/2868.html
Created html/players/2869.html
Created html/players/2870.html
Created html/players/2871.html
Created html/players/2872.html
Created html/players/2873.html
Created html/players/2874.html
Created html/players/2875.html
Created html/players/2876.html
Created html/players/2877.html
Created html/players/2878.html
Created html/players/2879.html
Created html/players/2880.html
Created html/players/2881.html
Created html/players/2882.html
Created html/players/2883.html
Created html/players/2884.html
Created html/players/2885.html
Created html/players/2886.html
Created html/players/2887.html
Created html/players/2888.html
Created html/players/2889.html
Created html/players/2890.html
Created html/players/2891.html
Created html/players/2892.html
Created html/players/2893.html
Created html/players/2894.html
Created html/players/2895.html
Created html/players/2896.html
Created html/players/2897.html
Created html/players/2898.html
Created html/players/2899.html
Created html/players/2900.html
Created html/players/2901.html
Created html/players/2902.html
Created html/players/2903.html
Created html/players/2904.html
Created html/players/2905.html
Created html/players/2906.html
Created html/players/2907.html
Created html/players/2908.html
Created html/players/2909.html
Created html/players/2910.html
Created html/players/2911.html
Created html/players/2912.html
Created html/players/2913.html
Created html/players/2914.html
Created html/players/2915.html
Created html/players/2916.html
Created html/players/2917.html
Created html/players/2918.html
Created html/players/2919.html
Created html/players/2920.html
Created html/players/2921.html
Created html/players/2922.html
Created html/players/2923.html
Created html/players/2924.html
Created html/players/2925.html
Created html/players/2926.html
Created html/players/2927.html
Created html/players/2928.html
Created html/players/2929.html
Created html/players/2930.html
Created html/players/2931.html
Created html/players/2932.html
Created html/players/2933.html
Created html/players/2934.html
Created html/players/2935.html
Created html/players/2936.html
Created html/players/2937.html
Created html/players/2938.html
Created html/players/2939.html
Created html/players/2940.html
Created html/players/2941.html
Created html/players/2942.html
Created html/players/2943.html
Created html/players/2944.html
Created html/players/2945.html
Created html/players/2946.html
Created html/players/2947.html
Created html/players/2948.html
Created html/players/2949.html
Created html/players/2950.html
Created html/players/2951.html
Created html/players/2952.html
Created html/players/2953.html
Created html/players/2954.html
Created html/players/2955.html
Created html/players/2956.html
Created html/players/2957.html
Created html/players/2958.html
Created html/players/2959.html
Created html/players/2960.html
Created html/players/2961.html
Created html/players/2962.html
Created html/players/2963.html
Created html/players/2964.html
Created html/players/2965.html
Created html/players/2966.html
Created html/players/2967.html
Created html/players/2968.html
Created html/players/2969.html
Created html/players/2970.html
Created html/players/2971.html
Created html/players/2972.html
Created html/players/2973.html
Created html/players/2974.html
Created html/players/2975.html
Created html/players/2976.html
Created html/players/2977.html
Created html/players/2978.html
Created html/players/2979.html
Created html/players/2980.html
Created html/players/2981.html
Created html/players/2982.html
Created html/players/2983.html
Created html/players/2984.html
Created html/players/2986.html
Created html/players/2987.html
Created html/players/2988.html
Created html/players/2989.html
Created html/players/2990.html
Created html/players/2991.html
Created html/players/2992.html
Created html/players/2993.html
Created html/players/2994.html
Created html/players/2995.html
Created html/players/2996.html
Created html/players/2997.html
Created html/players/2998.html
Created html/players/2999.html
Created html/players/3000.html
Created html/players/3001.html
Created html/players/3002.html
Created html/players/3003.html
Created html/players/3004.html
Created html/players/3005.html
Created html/players/3006.html
Created html/players/3007.html
Created html/players/3008.html
Created html/players/3009.html
Created html/players/3010.html
Created html/players/3011.html
Created html/players/3012.html
Created html/players/3013.html
Created html/players/3014.html
Created html/players/3015.html
Created html/players/3016.html
Created html/players/3017.html
Created html/players/3018.html
Created html/players/3020.html
Created html/players/3023.html
Created html/players/3026.html
Created html/players/3027.html
Created html/players/3028.html
Created html/players/3029.html
Created html/players/3030.html
Created html/players/3033.html
Created html/players/3034.html
Created html/players/3036.html
Created html/players/3037.html
Created html/players/3038.html
Created html/players/3039.html
Created html/players/3040.html
Created html/players/3043.html
Created html/players/3045.html
Created html/players/3046.html
Created html/players/3049.html
Created html/players/3050.html
Created html/players/3053.html
Created html/players/3057.html
Created html/players/3058.html
Created html/players/3059.html
Created html/players/3060.html
Created html/players/3061.html
Created html/players/3062.html
Created html/players/3063.html
Created html/players/3064.html
Created html/players/3065.html
Created html/players/3066.html
Created html/players/3067.html
Created html/players/3068.html
Created html/players/3069.html
Created html/players/3070.html
Created html/players/3071.html
Created html/players/3072.html
Created html/players/3073.html
Created html/players/3074.html
Created html/players/3075.html
Created html/players/3076.html
Created html/players/3077.html
Created html/players/3078.html
Created html/players/3079.html
Created html/players/3080.html
Created html/players/3081.html
Created html/players/3082.html
Created html/players/3083.html
Created html/players/3084.html
Created html/players/3085.html
Created html/players/3086.html
Created html/players/3087.html
Created html/players/3088.html
Created html/players/3089.html
Created html/players/3090.html
Created html/players/3091.html
Created html/players/3092.html
Created html/players/3093.html
Created html/players/3094.html
Created html/players/3095.html
Created html/players/3096.html
Created html/players/3097.html
Created html/players/3098.html
Created html/players/3099.html
Created html/players/3100.html
Created html/players/3101.html
Created html/players/3102.html
Created html/players/3103.html
Created html/players/3104.html
Created html/players/3105.html
Created html/players/3106.html
Created html/players/3107.html
Created html/players/3108.html
Created html/players/3109.html
Created html/players/3110.html
Created html/players/3111.html
Created html/players/3112.html
Created html/players/3113.html
Created html/players/3114.html
Created html/players/3115.html
Created html/players/3116.html
Created html/players/3117.html
Created html/players/3118.html
Created html/players/3119.html
Created html/players/3120.html
Created html/players/3121.html
Created html/players/3122.html
Created html/players/3123.html
Created html/players/3124.html
Created html/players/3125.html
Created html/players/3126.html
Created html/players/3127.html
Created html/players/3128.html
Created html/players/3129.html
Created html/players/3130.html
Created html/players/3132.html
Created html/players/3136.html
Created html/players/3137.html
Created html/players/3143.html
Created html/players/3144.html
Created html/players/3166.html
Created html/players/3167.html
Created html/players/3168.html
Created html/players/3169.html
Created html/players/3174.html
Created html/players/3181.html
Created html/players/3185.html
Created html/players/3187.html
Created html/players/3188.html
Created html/players/3191.html
Created html/players/3222.html
Created html/players/3224.html
Created html/players/3240.html
Created html/players/3245.html
Created html/players/3254.html
Created html/players/3256.html
Created html/players/3272.html
Created html/players/3273.html
Created html/players/3274.html
Created html/players/3275.html
Created html/players/3276.html
Created html/players/3277.html
Created html/players/3278.html
Created html/players/3282.html
Created html/players/3284.html
Created html/players/3287.html
Created html/players/3289.html
Created html/players/3293.html
Created html/players/3295.html
Created html/players/3297.html
Created html/players/3298.html
Created html/players/3303.html
Created html/players/3304.html
Created html/players/3306.html
Created html/players/3308.html
Created html/players/3309.html
Created html/players/3312.html
Created html/players/3315.html
Created html/players/3317.html
Created html/players/3319.html
Created html/players/3320.html
Created html/players/3327.html
Created html/players/3328.html
Created html/players/3329.html
Created html/players/3330.html
Created html/players/3331.html
Created html/players/3332.html
Created html/players/3334.html
Created html/players/3335.html
Created html/players/3336.html
Created html/players/3337.html
Created html/players/3339.html
Created html/players/3342.html
Created html/players/3344.html
Created html/players/3345.html
Created html/players/3347.html
Created html/players/3348.html
Created html/players/3349.html
Created html/players/3352.html
Created html/players/3353.html
Created html/players/3356.html
Created html/players/3357.html
Created html/players/3367.html
Created html/players/3368.html
Created html/players/3369.html
Created html/players/3373.html
Created html/players/3374.html
Created html/players/3377.html
Created html/players/3378.html
Created html/players/3383.html
Created html/players/3389.html
Created html/players/3393.html
Created html/players/3400.html
Created html/players/3404.html
Created html/players/3405.html
Created html/players/3407.html
Created html/players/3410.html
Created html/players/3421.html
Created html/players/3422.html
Created html/players/3423.html
Created html/players/3424.html
Created html/players/3430.html
Created html/players/3431.html
Created html/players/3433.html
Created html/players/3434.html
Created html/players/3435.html
Created html/players/3437.html
Created html/players/3439.html
Created html/players/3442.html
Created html/players/3443.html
Created html/players/3444.html
Created html/players/3445.html
Created html/players/3446.html
Created html/players/3447.html
Created html/players/3448.html
Created html/players/3449.html
Created html/players/3450.html
Created html/players/3451.html
Created html/players/3452.html
Created html/players/3453.html
Created html/players/3454.html
Created html/players/3455.html
Created html/players/3456.html
Created html/players/3457.html
Created html/players/3458.html
Created html/players/3459.html
Created html/players/3460.html
Created html/players/3461.html
Created html/players/3462.html
Created html/players/3463.html
Created html/players/3464.html
Created html/players/3465.html
Created html/players/3466.html
Created html/players/3467.html
Created html/players/3468.html
Created html/players/3469.html
Created html/players/3470.html
Created html/players/3471.html
Created html/players/3472.html
Created html/players/3473.html
Created html/players/3474.html
Created html/players/3475.html
Created html/players/3476.html
Created html/players/3477.html
Created html/players/3478.html
Created html/players/3479.html
Created html/players/3480.html
Created html/players/3481.html
Created html/players/3482.html
Created html/players/3483.html
Created html/players/3484.html
Created html/players/3485.html
Created html/players/3486.html
Created html/players/3487.html
Created html/players/3489.html
Created html/players/3490.html
Created html/players/3492.html
Created html/players/3494.html
Created html/players/3496.html
Created html/players/3497.html
Created html/players/3499.html
Created html/players/3500.html
Created html/players/3501.html
Created html/players/3503.html
Created html/players/3504.html
Created html/players/3510.html
Created html/players/3512.html
Created html/players/3514.html
Created html/players/3515.html
Created html/players/3516.html
Created html/players/3517.html
Created html/players/3522.html
Created html/players/3523.html
Created html/players/3525.html
Created html/players/3526.html
Created html/players/3527.html
Created html/players/3530.html
Created html/players/3531.html
Created html/players/3532.html
Created html/players/3533.html
Created html/players/3534.html
Created html/players/3535.html
Created html/players/3536.html
Created html/players/3537.html
Created html/players/3538.html
Created html/players/3539.html
Created html/players/3540.html
Created html/players/3541.html
Created html/players/3542.html
Created html/players/3543.html
Created html/players/3544.html
Created html/players/3545.html
Created html/players/3546.html
Created html/players/3547.html
Created html/players/3548.html
Created html/players/3549.html
Created html/players/3550.html
Created html/players/3551.html
Created html/players/3552.html
Created html/players/3553.html
Created html/players/3554.html
Created html/players/3555.html
Created html/players/3556.html
Created html/players/3557.html
Created html/players/3559.html
Created html/players/3560.html
Created html/players/3561.html
Created html/players/3562.html
Created html/players/3563.html
Created html/players/3564.html
Created html/players/3565.html
Created html/players/3566.html
Created html/players/3567.html
Created html/players/3568.html
Created html/players/3569.html
Created html/players/3570.html
Created html/players/3571.html
Created html/players/3572.html
Created html/players/3573.html
Created html/players/3574.html
Created html/players/3575.html
Created html/players/3576.html
Created html/players/3577.html
Created html/players/3578.html
Created html/players/3579.html
Created html/players/3580.html
Created html/players/3581.html
Created html/players/3582.html
Created html/players/3583.html
Created html/players/3584.html
Created html/players/3585.html
Created html/players/3586.html
Created html/players/3587.html
Created html/players/3588.html
Created html/players/3589.html
Created html/players/3590.html
Created html/players/3591.html
Created html/players/3592.html
Created html/players/3593.html
Created html/players/3594.html
Created html/players/3595.html
Created html/players/3596.html
Created html/players/3597.html
Created html/players/3598.html
Created html/players/3599.html
Created html/players/3600.html
Created html/players/3601.html
Created html/players/3602.html
Created html/players/3603.html
Created html/players/3604.html
Created html/players/3605.html
Created html/players/3606.html
Created html/players/3607.html
Created html/players/3608.html
Created html/players/3609.html
Created html/players/3610.html
Created html/players/3611.html
Created html/players/3612.html
Created html/players/3613.html
Created html/players/3614.html
Created html/players/3615.html
Created html/players/3616.html
Created html/players/3617.html
Created html/players/3618.html
Created html/players/3619.html
Created html/players/3620.html
Created html/players/3621.html
Created html/players/3622.html
Created html/players/3623.html
Created html/players/3624.html
Created html/players/3625.html
Created html/players/3626.html
Created html/players/3627.html
Created html/players/3628.html
Created html/players/3629.html
Created html/players/3630.html
Created html/players/3631.html
Created html/players/3632.html
Created html/players/3633.html
Created html/players/3634.html
Created html/players/3635.html
Created html/players/3636.html
Created html/players/3637.html
Created html/players/3638.html
Created html/players/3639.html
Created html/players/3640.html
Created html/players/3641.html
Created html/players/3642.html
Created html/players/3643.html
Created html/players/3644.html
Created html/players/3645.html
Created html/players/3646.html
Created html/players/3647.html
Created html/players/3648.html
Created html/players/3649.html
Created html/players/3650.html
Created html/players/3651.html
Created html/players/3652.html
Created html/players/3653.html
Created html/players/3654.html
Created html/players/3655.html
Created html/players/3656.html
Created html/players/3657.html
Created html/players/3658.html
Created html/players/3659.html
Created html/players/3660.html
Created html/players/3661.html
Created html/players/3662.html
Created html/players/3663.html
Created html/players/3664.html
Created html/players/3665.html
Created html/players/3666.html
Created html/players/3667.html
Created html/players/3668.html
Created html/players/3669.html
Created html/players/3670.html
Created html/players/3671.html
Created html/players/3672.html
Created html/players/3673.html
Created html/players/3674.html
Created html/players/3675.html
Created html/players/3676.html
Created html/players/3677.html
Created html/players/3678.html
Created html/players/3679.html
Created html/players/3680.html
Created html/players/3681.html
Created html/players/3682.html
Created html/players/3683.html
Created html/players/3684.html
Created html/players/3685.html
Created html/players/3686.html
Created html/players/3687.html
Created html/players/3688.html
Created html/players/3689.html
Created html/players/3690.html
Created html/players/3691.html
Created html/players/3692.html
Created html/players/3693.html
Created html/players/3694.html
Created html/players/3695.html
Created html/players/3696.html
Created html/players/3697.html
Created html/players/3698.html
Created html/players/3699.html
Created html/players/3700.html
Created html/players/3701.html
Created html/players/3702.html
Created html/players/3703.html
Created html/players/3704.html
Created html/players/3705.html
Created html/players/3706.html
Created html/players/3707.html
Created html/players/3708.html
Created html/players/3709.html
Created html/players/3710.html
Created html/players/3711.html
Created html/players/3712.html
Created html/players/3713.html
Created html/players/3714.html
Created html/players/3715.html
Created html/players/3716.html
Created html/players/3717.html
Created html/players/3718.html
Created html/players/3719.html
Created html/players/3720.html
Created html/players/3721.html
Created html/players/3722.html
Created html/players/3723.html
Created html/players/3724.html
Created html/players/3725.html
Created html/players/3726.html
Created html/players/3727.html
Created html/players/3728.html
Created html/players/3729.html
Created html/players/3730.html
Created html/players/3731.html
Created html/players/3732.html
Created html/players/3733.html
Created html/players/3734.html
Created html/players/3735.html
Created html/players/3736.html
Created html/players/3737.html
Created html/players/3738.html
Created html/players/3739.html
Created html/players/3740.html
Created html/players/3741.html
Created html/players/3742.html
Created html/players/3743.html
Created html/players/3744.html
Created html/players/3745.html
Created html/players/3746.html
Created html/players/3747.html
Created html/players/3748.html
Created html/players/3749.html
Created html/players/3750.html
Created html/players/3751.html
Created html/players/3752.html
Created html/players/3753.html
Created html/players/3754.html
Created html/players/3755.html
Created html/players/3756.html
Created html/players/3757.html
Created html/players/3758.html
Created html/players/3759.html
Created html/players/3760.html
Created html/players/3761.html
Created html/players/3762.html
Created html/players/3763.html
Created html/players/3764.html
Created html/players/3765.html
Created html/players/3766.html
Created html/players/3767.html
Created html/players/3768.html
Created html/players/3769.html
Created html/players/3770.html
Created html/players/3771.html
Created html/players/3772.html
Created html/players/3773.html
Created html/players/3774.html
Created html/players/3775.html
Created html/players/3776.html
Created html/players/3777.html
Created html/players/3778.html
Created html/players/3779.html
Created html/players/3780.html
Created html/players/3781.html
Created html/players/3782.html
Created html/players/3783.html
Created html/players/3784.html
Created html/players/3785.html
Created html/players/3786.html
Created html/players/3787.html
Created html/players/3788.html
Created html/players/3789.html
Created html/players/3790.html
Created html/players/3791.html
Created html/players/3792.html
Created html/players/3793.html
Created html/players/3794.html
Created html/players/3795.html
Created html/players/3796.html
Created html/players/3797.html
Created html/players/3798.html
Created html/players/3799.html
Created html/players/3800.html
Created html/players/3801.html
Created html/players/3802.html
Created html/players/3803.html
Created html/players/3804.html
Created html/players/3805.html
Created html/players/3806.html
Created html/players/3807.html
Created html/players/3808.html
Created html/players/3809.html
Created html/players/3810.html
Created html/players/3811.html
Created html/players/3812.html
Created html/players/3813.html
Created html/players/3814.html
Created html/players/3815.html
Created html/players/3816.html
Created html/players/3817.html
Created html/players/3818.html
Created html/players/3819.html
Created html/players/3820.html
Created html/players/3821.html
Created html/players/3822.html
Created html/players/3823.html
Created html/players/3824.html
Created html/players/3825.html
Created html/players/3826.html
Created html/players/3827.html
Created html/players/3828.html
Created html/players/3829.html
Created html/players/3830.html
Created html/players/3831.html
Created html/players/3832.html
Created html/players/3833.html
Created html/players/3834.html
Created html/players/3835.html
Created html/players/3836.html
Created html/players/3837.html
Created html/players/3838.html
Created html/players/3839.html
Created html/players/3840.html
Created html/players/3841.html
Created html/players/3842.html
Created html/players/3843.html
Created html/players/3844.html
Created html/players/3845.html
Created html/players/3846.html
Created html/players/3847.html
Created html/players/3848.html
Created html/players/3849.html
Created html/players/3850.html
Created html/players/3851.html
Created html/players/3852.html
Created html/players/3853.html
Created html/players/3854.html
Created html/players/3855.html
Created html/players/3856.html
Created html/players/3857.html
Created html/players/3858.html
Created html/players/3859.html
Created html/players/3860.html
Created html/players/3861.html
Created html/players/3862.html
Created html/players/3863.html
Created html/players/3864.html
Created html/players/3865.html
Created html/players/3866.html
Created html/players/3867.html
Created html/players/3868.html
Created html/players/3869.html
Created html/players/3870.html
Created html/players/3871.html
Created html/players/3872.html
Created html/players/3873.html
Created html/players/3874.html
Created html/players/3875.html
Created html/players/3876.html
Created html/players/3877.html
Created html/players/3878.html
Created html/players/3879.html
Created html/players/3880.html
Created html/players/3881.html
Created html/players/3882.html
Created html/players/3883.html
Created html/players/3884.html
Created html/players/3885.html
Created html/players/3886.html
Created html/players/3887.html
Created html/players/3888.html
Created html/players/3889.html
Created html/players/3890.html
Created html/players/3891.html
Created html/players/3892.html
Created html/players/3893.html
Created html/players/3894.html
Created html/players/3895.html
Created html/players/3896.html
Created html/players/3897.html
Created html/players/3898.html
Created html/players/3899.html
Created html/players/3900.html
Created html/players/3901.html
Created html/players/3902.html
Created html/players/3903.html
Created html/players/3904.html
Created html/players/3905.html
Created html/players/3906.html
Created html/players/3907.html
Created html/players/3908.html
Created html/players/3909.html
Created html/players/3910.html
Created html/players/3911.html
Created html/players/3912.html
Created html/players/3913.html
Created html/players/3914.html
Created html/players/3915.html
Created html/players/3916.html
Created html/players/3917.html
Created html/players/3918.html
Created html/players/3919.html
Created html/players/3920.html
Created html/players/3921.html
Created html/players/3922.html
Created html/players/3923.html
Created html/players/3924.html
Created html/players/3925.html
Created html/players/3926.html
Created html/players/3927.html
Created html/players/3928.html
Created html/players/3929.html
Created html/players/3930.html
Created html/players/3931.html
Created html/players/3932.html
Created html/players/3933.html
Created html/players/3934.html
Created html/players/3935.html
Created html/players/3936.html
Created html/players/3937.html
Created html/players/3938.html
Created html/players/3939.html
Created html/players/3940.html
Created html/players/3941.html
Created html/players/3942.html
Created html/players/3943.html
Created html/players/3944.html
Created html/players/3945.html
Created html/players/3946.html
Created html/players/3947.html
Created html/players/3948.html
Created html/players/3949.html
Created html/players/3950.html
Created html/players/3951.html
Created html/players/3952.html
Created html/players/3953.html
Created html/players/3954.html
Created html/players/3955.html
Created html/players/3956.html
Created html/players/3957.html
Created html/players/3958.html
Created html/players/3959.html
Created html/players/3960.html
Created html/players/3961.html
Created html/players/3962.html
Created html/players/3963.html
Created html/players/3964.html
Created html/players/3965.html
Created html/players/3966.html
Created html/players/3967.html
Created html/players/3968.html
Created html/players/3969.html
Created html/players/3970.html
Created html/players/3971.html
Created html/players/3972.html
Created html/players/3973.html
Created html/players/3974.html
Created html/players/3975.html
Created html/players/3976.html
Created html/players/3977.html
Created html/players/3978.html
Created html/players/3979.html
Created html/players/3980.html
Created html/players/3981.html
Created html/players/3982.html
Created html/players/3983.html
Created html/players/3984.html
Created html/players/3985.html
Created html/players/3986.html
Created html/players/3987.html
Created html/players/3988.html
Created html/players/3989.html
Created html/players/3990.html
Created html/players/3991.html
Created html/players/3992.html
Created html/players/3993.html
Created html/players/3994.html
Created html/players/3995.html
Created html/players/3996.html
Created html/players/3997.html
Created html/players/3998.html
Created html/players/3999.html
Created html/players/4000.html
Created html/players/4001.html
Created html/players/4002.html
Created html/players/4003.html
Created html/players/4004.html
Created html/players/4005.html
Created html/players/4006.html
Created html/players/4007.html
Created html/players/4008.html
Created html/players/4009.html
Created html/players/4010.html
Created html/players/4011.html
Created html/players/4012.html
Created html/players/4013.html
Created html/players/4014.html
Created html/players/4015.html
Created html/players/4016.html
Created html/players/4017.html
Created html/players/4018.html
Created html/players/4019.html
Created html/players/4020.html
Created html/players/4021.html
Created html/players/4022.html
Created html/players/4023.html
Created html/players/4024.html
Created html/players/4025.html
Created html/players/4026.html
Created html/players/4027.html
Created html/players/4028.html
Created html/players/4029.html
Created html/players/4030.html
Created html/players/4031.html
Created html/players/4032.html
Created html/players/4033.html
Created html/players/4034.html
Created html/players/4035.html
Created html/players/4036.html
Created html/players/4037.html
Created html/players/4038.html
Created html/players/4039.html
Created html/players/4040.html
Created html/players/4041.html
Created html/players/4042.html
Created html/players/4043.html
Created html/players/4044.html
Created html/players/4045.html
Created html/players/4046.html
Created html/players/4047.html
Created html/players/4048.html
Created html/players/4049.html
Created html/players/4050.html
Created html/players/4051.html
Created html/players/4052.html
Created html/players/4053.html
Created html/players/4054.html
Created html/players/4055.html
Created html/players/4056.html
Created html/players/4057.html
Created html/players/4058.html
Created html/players/4059.html
Created html/players/4060.html
Created html/players/4061.html
Created html/players/4062.html
Created html/players/4063.html
Created html/players/4064.html
Created html/players/4065.html
Created html/players/4066.html
Created html/players/4067.html
Created html/players/4068.html
Created html/players/4069.html
Created html/players/4070.html
Created html/players/4071.html
Created html/players/4072.html
Created html/players/4073.html
Created html/players/4074.html
Created html/players/4075.html
Created html/players/4076.html
Created html/players/4077.html
Created html/players/4078.html
Created html/players/4079.html
Created html/players/4080.html
Created html/players/4081.html
Created html/players/4082.html
Created html/players/4083.html
Created html/players/4084.html
Created html/players/4085.html
Created html/players/4086.html
Created html/players/4087.html
Created html/players/4088.html
Created html/players/4089.html
Created html/players/4090.html
Created html/players/4091.html
Created html/players/4092.html
Created html/players/4093.html
Created html/players/4094.html
Created html/players/4095.html
Created html/players/4096.html
Created html/players/4097.html
Created html/players/4098.html
Created html/players/4099.html
Created html/players/4100.html
Created html/players/4101.html
Created html/players/4102.html
Created html/players/4103.html
Created html/players/4104.html
Created html/players/4105.html
Created html/players/4106.html
Created html/players/4107.html
Created html/players/4108.html
Created html/players/4109.html
Created html/players/4110.html
Created html/players/4111.html
Created html/players/4112.html
Created html/players/4113.html
Created html/players/4114.html
Created html/players/4115.html
Created html/players/4116.html
Created html/players/4117.html
Created html/players/4118.html
Created html/players/4119.html
Created html/players/4120.html
Created html/players/4121.html
Created html/players/4122.html
Created html/players/4123.html
Created html/players/4124.html
Created html/players/4125.html
Created html/players/4126.html
Created html/players/4127.html
Created html/players/4128.html
Created html/players/4129.html
Created html/players/4130.html
Created html/players/4131.html
Created html/players/4132.html
Created html/players/4133.html
Created html/players/4134.html
Created html/players/4135.html
Created html/players/4136.html
Created html/players/4137.html
Created html/players/4138.html
Created html/players/4139.html
Created html/players/4140.html
Created html/players/4141.html
Created html/players/4142.html
Created html/players/4143.html
Created html/players/4144.html
Created html/players/4145.html
Created html/players/4146.html
Created html/players/4147.html
Created html/players/4148.html
Created html/players/4149.html
Created html/players/4150.html
Created html/players/4151.html
Created html/players/4152.html
Created html/players/4153.html
Created html/players/4154.html
Created html/players/4155.html
Created html/players/4156.html
Created html/players/4157.html
Created html/players/4158.html
Created html/players/4159.html
Created html/players/4160.html
Created html/players/4161.html
Created html/players/4162.html
Created html/players/4163.html
Created html/players/4164.html
Created html/players/4165.html
Created html/players/4166.html
Created html/players/4167.html
Created html/players/4168.html
Created html/players/4169.html
Created html/players/4170.html
Created html/players/4171.html
Created html/players/4172.html
Created html/players/4173.html
Created html/players/4174.html
Created html/players/4175.html
Created html/players/4176.html
Created html/players/4177.html
Created html/players/4178.html
Created html/players/4179.html
Created html/players/4180.html
Created html/players/4181.html
Created html/players/4182.html
Created html/players/4183.html
Created html/players/4184.html
Created html/players/4185.html
Created html/players/4186.html
Created html/players/4187.html
Created html/players/4188.html
Created html/players/4189.html
Created html/players/4190.html
Created html/players/4191.html
Created html/players/4192.html
Created html/players/4193.html
Created html/players/4194.html
Created html/players/4195.html
Created html/players/4196.html
Created html/players/4197.html
Created html/players/4198.html
Created html/players/4199.html
Created html/players/4200.html
Created html/players/4201.html
Created html/players/4202.html
Created html/players/4203.html
Created html/players/4204.html
Created html/players/4205.html
Created html/players/4206.html
Created html/players/4207.html
Created html/players/4208.html
Created html/players/4209.html
Created html/players/4210.html
Created html/players/4211.html
Created html/players/4212.html
Created html/players/4213.html
Created html/players/4214.html
Created html/players/4215.html
Created html/players/4216.html
Created html/players/4217.html
Created html/players/4218.html
Created html/players/4219.html
Created html/players/4220.html
Created html/players/4221.html
Created html/players/4222.html
Created html/players/4223.html
Created html/players/4224.html
Created html/players/4225.html
Created html/players/4226.html
Created html/players/4227.html
Created html/players/4228.html
Created html/players/4229.html
Created html/players/4230.html
Created html/players/4231.html
Created html/players/4232.html
Created html/players/4233.html
Created html/players/4234.html
Created html/players/4235.html
Created html/players/4236.html
Created html/players/4237.html
Created html/players/4238.html
Created html/players/4239.html
Created html/players/4240.html
Created html/players/4241.html
Created html/players/4242.html
Created html/players/4243.html
Created html/players/4244.html
Created html/players/4245.html
Created html/players/4246.html
Created html/players/4247.html
Created html/players/4248.html
Created html/players/4249.html
Created html/players/4250.html
Created html/players/4251.html
Created html/players/4252.html
Created html/players/4253.html
Created html/players/4254.html
Created html/players/4255.html
Created html/players/4256.html
Created html/players/4257.html
Created html/players/4258.html
Created html/players/4259.html
Created html/players/4260.html
Created html/players/4261.html
Created html/players/4262.html
Created html/players/4263.html
Created html/players/4264.html
Created html/players/4265.html
Created html/players/4266.html
Created html/players/4267.html
Created html/players/4268.html
Created html/players/4269.html
Created html/players/4270.html
Created html/players/4271.html
Created html/players/4272.html
Created html/players/4273.html
Created html/players/4274.html
Created html/players/4275.html
Created html/players/4276.html
Created html/players/4277.html
Created html/players/4278.html
Created html/players/4279.html
Created html/players/4280.html
Created html/players/4281.html
Created html/players/4282.html
Created html/players/4283.html
Created html/players/4284.html
Created html/players/4285.html
Created html/players/4286.html
Created html/players/4287.html
Created html/players/4288.html
Created html/players/4289.html
Created html/players/4290.html
Created html/players/4291.html
Created html/players/4292.html
Created html/players/4293.html
Created html/players/4294.html
Created html/players/4295.html
Created html/players/4296.html
Created html/players/4297.html
Created html/players/4298.html
Created html/players/4299.html
Created html/players/4300.html
Created html/players/4301.html
Created html/players/4302.html
Created html/players/4303.html
Created html/players/4304.html
Created html/players/4305.html
Created html/players/4306.html
Created html/players/4307.html
Created html/players/4308.html
Created html/players/4309.html
Created html/players/4310.html
Created html/players/4311.html
Created html/players/4312.html
Created html/players/4313.html
Created html/players/4314.html
Created html/players/4315.html
Created html/players/4316.html
Created html/players/4317.html
Created html/players/4318.html
Created html/players/4319.html
Created html/players/4320.html
Created html/players/4321.html
Created html/players/4322.html
Created html/players/4323.html
Created html/players/4324.html
Created html/players/4325.html
Created html/players/4326.html
Created html/players/4327.html
Created html/players/4328.html
Created html/players/4329.html
Created html/players/4330.html
Created html/players/4331.html
Created html/players/4332.html
Created html/players/4333.html
Created html/players/4334.html
Created html/players/4335.html
Created html/players/4336.html
Created html/players/4337.html
Created html/players/4338.html
Created html/players/4339.html
Created html/players/4340.html
Created html/players/4341.html
Created html/players/4342.html
Created html/players/4343.html
Created html/players/4344.html
Created html/players/4345.html
Created html/players/4346.html
Created html/players/4347.html
Created html/players/4348.html
Created html/players/4349.html
Created html/players/4350.html
Created html/players/4351.html
Created html/players/4352.html
Created html/players/4353.html
Created html/players/4354.html
Created html/players/4355.html
Created html/players/4356.html
Created html/players/4357.html
Created html/players/4358.html
Created html/players/4359.html
Created html/players/4360.html
Created html/players/4361.html
Created html/players/4362.html
Created html/players/4363.html
Created html/players/4364.html
Created html/players/4365.html
Created html/players/4366.html
Created html/players/4367.html
Created html/players/4368.html
Created html/players/4369.html
Created html/players/4370.html
Created html/players/4371.html
Created html/players/4372.html
Created html/players/4373.html
Created html/players/4374.html
Created html/players/4375.html
Created html/players/4376.html
Created html/players/4377.html
Created html/players/4378.html
Created html/players/4379.html
Created html/players/4380.html
Created html/players/4381.html
Created html/players/4382.html
Created html/players/4383.html
Created html/players/4384.html
Created html/players/4385.html
Created html/players/4386.html
Created html/players/4387.html
Created html/players/4388.html
Created html/players/4389.html
Created html/players/4390.html
Created html/players/4391.html
Created html/players/4392.html
Created html/players/4393.html
Created html/players/4394.html
Created html/players/4395.html
Created html/players/4396.html
Created html/players/4397.html
Created html/players/4398.html
Created html/players/4399.html
Created html/players/4400.html
Created html/players/4401.html
Created html/players/4402.html
Created html/players/4403.html
Created html/players/4404.html
Created html/players/4405.html
Created html/players/4406.html
Created html/players/4407.html
Created html/players/4408.html
Created html/players/4409.html
Created html/players/4410.html
Created html/players/4411.html
Created html/players/4412.html
Created html/players/4413.html
Created html/players/4414.html
Created html/players/4415.html
Created html/players/4416.html
Created html/players/4417.html
Created html/players/4418.html
Created html/players/4419.html
Created html/players/4420.html
Created html/players/4421.html
Created html/players/4422.html
Created html/players/4423.html
Created html/players/4424.html
Created html/players/4425.html
Created html/players/4426.html
Created html/players/4427.html
Created html/players/4428.html
Created html/players/4429.html
Created html/players/4430.html
Created html/players/4431.html
Created html/players/4432.html
Created html/players/4433.html
Created html/players/4434.html
Created html/players/4435.html
Created html/players/4436.html
Created html/players/4437.html
Created html/players/4438.html
Created html/players/4439.html
Created html/players/4440.html
Created html/players/4441.html
Created html/players/4442.html
Created html/players/4443.html
Created html/players/4444.html
Created html/players/4445.html
Created html/players/4446.html
Created html/players/4447.html
Created html/players/4448.html
Created html/players/4449.html
Created html/players/4450.html
Created html/players/4451.html
Created html/players/4452.html
Created html/players/4453.html
Created html/players/4454.html
Created html/players/4455.html
Created html/players/4456.html
Created html/players/4457.html
Created html/players/4458.html
Created html/players/4459.html
Created html/players/4460.html
Created html/players/4461.html
Created html/players/4462.html
Created html/players/4463.html
Created html/players/4464.html
Created html/players/4465.html
Created html/players/4466.html
Created html/players/4467.html
Created html/players/4468.html
Created html/players/4469.html
Created html/players/4470.html
Created html/players/4471.html
Created html/players/4472.html
Created html/players/4473.html
Created html/players/4474.html
Created html/players/4475.html
Created html/players/4476.html
Created html/players/4477.html
Created html/players/4478.html
Created html/players/4479.html
Created html/players/4480.html
Created html/players/4481.html
Created html/players/4482.html
Created html/players/4483.html
Created html/players/4484.html
Created html/players/4485.html
Created html/players/4486.html
Created html/players/4487.html
Created html/players/4488.html
Created html/players/4489.html
Created html/players/4490.html
Created html/players/4491.html
Created html/players/4492.html
Created html/players/4493.html
Created html/players/4494.html
Created html/players/4495.html
Created html/players/4496.html
Created html/players/4497.html
Created html/players/4498.html
Created html/players/4499.html
Created html/players/4500.html
Created html/players/4501.html
Created html/players/4502.html
Created html/players/4503.html
Created html/players/4504.html
Created html/players/4505.html
Created html/players/4506.html
Created html/players/4507.html
Created html/players/4508.html
Created html/players/4509.html
Created html/players/4510.html
Created html/players/4511.html
Created html/players/4512.html
Created html/players/4513.html
Created html/players/4514.html
Created html/players/4515.html
Created html/players/4516.html
Created html/players/4517.html
Created html/players/4518.html
Created html/players/4519.html
Created html/players/4520.html
Created html/players/4521.html
Created html/players/4522.html
Created html/players/4523.html
Created html/players/4524.html
Created html/players/4525.html
Created html/players/4526.html
Created html/players/4527.html
Created html/players/4528.html
Created html/players/4529.html
Created html/players/4530.html
Created html/players/4531.html
Created html/players/4532.html
Created html/players/4533.html
Created html/players/4534.html
Created html/players/4535.html
Created html/players/4536.html
Created html/players/4537.html
Created html/players/4538.html
Created html/players/4539.html
Created html/players/4540.html
Created html/players/4541.html
Created html/players/4542.html
Created html/players/4543.html
Created html/players/4544.html
Created html/players/4545.html
Created html/players/4546.html
Created html/players/4547.html
Created html/players/4548.html
Created html/players/4549.html
Created html/players/4550.html
Created html/players/4551.html
Created html/players/4552.html
Created html/players/4553.html
Created html/players/4554.html
Created html/players/4555.html
Created html/players/4556.html
Created html/players/4557.html
Created html/players/4558.html
Created html/players/4559.html
Created html/players/4560.html
Created html/players/4561.html
Created html/players/4562.html
Created html/players/4563.html
Created html/players/4564.html
Created html/players/4565.html
Created html/players/4566.html
Created html/players/4567.html
Created html/players/4568.html
Created html/players/4569.html
Created html/players/4570.html
Created html/players/4571.html
Created html/players/4572.html
Created html/players/4573.html
Created html/players/4574.html
Created html/players/4575.html
Created html/players/4576.html
Created html/players/4577.html
Created html/players/4578.html
Created html/players/4579.html
Created html/players/4580.html
Created html/players/4581.html
Created html/players/4582.html
Created html/players/4583.html
Created html/players/4584.html
Created html/players/4585.html
Created html/players/4586.html
Created html/players/4587.html
Created html/players/4588.html
Created html/players/4589.html
Created html/players/4590.html
Created html/players/4591.html
Created html/players/4592.html
Created html/players/4593.html
Created html/players/4594.html
Created html/players/4595.html
Created html/players/4596.html
Created html/players/4597.html
Created html/players/4598.html
Created html/players/4599.html
Created html/players/4600.html
Created html/players/4601.html
Created html/players/4602.html
Created html/players/4603.html
Created html/players/4604.html
Created html/players/4605.html
Created html/players/4606.html
Created html/players/4607.html
Created html/players/4608.html
Created html/players/4609.html
Created html/players/4610.html
Created html/players/4611.html
Created html/players/4612.html
Created html/players/4613.html
Created html/players/4614.html
Created html/players/4615.html
Created html/players/4616.html
Created html/players/4617.html
Created html/players/4618.html
Created html/players/4619.html
Created html/players/4620.html
Created html/players/4621.html
Created html/players/4622.html
Created html/players/4623.html
Created html/players/4624.html
Created html/players/4625.html
Created html/players/4626.html
Created html/players/4627.html
Created html/players/4628.html
Created html/players/4629.html
Created html/players/4630.html
Created html/players/4631.html
Created html/players/4632.html
Created html/players/4633.html
Created html/players/4634.html
Created html/players/4635.html
Created html/players/4636.html
Created html/players/4637.html
Created html/players/4638.html
Created html/players/4639.html
Created html/players/4640.html
Created html/players/4641.html
Created html/players/4642.html
Created html/players/4643.html
Created html/players/4644.html
Created html/players/4645.html
Created html/players/4646.html
Created html/players/4647.html
Created html/players/4648.html
Created html/players/4649.html
Created html/players/4650.html
Created html/players/4651.html
Created html/players/4652.html
Created html/players/4653.html
Created html/players/4654.html
Created html/players/4655.html
Created html/players/4656.html
Created html/players/4657.html
Created html/players/4658.html
Created html/players/4659.html
Created html/players/4660.html
Created html/players/4661.html
Created html/players/4662.html
Created html/players/4663.html
Created html/players/4664.html
Created html/players/4665.html
Created html/players/4666.html
Created html/players/4667.html
Created html/players/4668.html
Created html/players/4669.html
Created html/players/4670.html
Created html/players/4671.html
Created html/players/4672.html
Created html/players/4673.html
Created html/players/4674.html
Created html/players/4675.html
Created html/players/4676.html
Created html/players/4677.html
Created html/players/4678.html
Created html/players/4679.html
Created html/players/4680.html
Created html/players/4681.html
Created html/players/4682.html
Created html/players/4683.html
Created html/players/4684.html
Created html/players/4685.html
Created html/players/4686.html
Created html/players/4687.html
Created html/players/4688.html
Created html/players/4689.html
Created html/players/4690.html
Created html/players/4691.html
Created html/players/4692.html
Created html/players/4693.html
Created html/players/4694.html
Created html/players/4695.html
Created html/players/4696.html
Created html/players/4697.html
Created html/players/4698.html
Created html/players/4699.html
Created html/players/4700.html
Created html/players/4701.html
Created html/players/4702.html
Created html/players/4703.html
Created html/players/4704.html
Created html/players/4705.html
Created html/players/4706.html
Created html/players/4707.html
Created html/players/4708.html
Created html/players/4709.html
Created html/players/4710.html
Created html/players/4711.html
Created html/players/4712.html
Created html/players/4713.html
Created html/players/4714.html
Created html/players/4715.html
Created html/players/4716.html
Created html/players/4717.html
Created html/players/4718.html
Created html/players/4719.html
Created html/players/4720.html
Created html/players/4721.html
Created html/players/4722.html
Created html/players/4723.html
Created html/players/4724.html
Created html/players/4725.html
Created html/players/4726.html
Created html/players/4727.html
Created html/players/4728.html
Created html/players/4729.html
Created html/players/4730.html
Created html/players/4731.html
Created html/players/4732.html
Created html/players/4733.html
Created html/players/4734.html
Created html/players/4735.html
Created html/players/4736.html
Created html/players/4737.html
Created html/players/4738.html
Created html/players/4739.html
Created html/players/4740.html
Created html/players/4741.html
Created html/players/4742.html
Created html/players/4743.html
Created html/players/4744.html
Created html/players/4745.html
Created html/players/4746.html
Created html/players/4747.html
Created html/players/4748.html
Created html/players/4749.html
Created html/players/4750.html
Created html/players/4751.html
Created html/players/4752.html
Created html/players/4753.html
Created html/players/4754.html
Created html/players/4755.html
Created html/players/4756.html
Created html/players/4757.html
Created html/players/4758.html
Created html/players/4759.html
Created html/players/4760.html
Created html/players/4761.html
Created html/players/4762.html
Created html/players/4763.html
Created html/players/4764.html
Created html/players/4765.html
Created html/players/4766.html
Created html/players/4767.html
Created html/players/4768.html
Created html/players/4769.html
Created html/players/4770.html
Created html/players/4771.html
Created html/players/4772.html
Created html/players/4773.html
Created html/players/4774.html
Created html/players/4775.html
Created html/players/4776.html
Created html/players/4777.html
Created html/players/4778.html
Created html/players/4779.html
Created html/players/4780.html
Created html/players/4781.html
Created html/players/4782.html
Created html/players/4783.html
Created html/players/4784.html
Created html/players/4785.html
Created html/players/4786.html
Created html/players/4787.html
Created html/players/4788.html
Created html/players/4789.html
Created html/players/4790.html
Created html/players/4791.html
Created html/players/4792.html
Created html/players/4793.html
Created html/players/4794.html
Created html/players/4795.html
Created html/players/4796.html
Created html/players/4797.html
Created html/players/4798.html
Created html/players/4799.html
Created html/players/4800.html
Created html/players/4801.html
Created html/players/4802.html
Created html/players/4803.html
Created html/players/4804.html
Created html/players/4805.html
Created html/players/4806.html
Created html/players/4807.html
Created html/players/4808.html
Created html/players/4809.html
Created html/players/4810.html
Created html/players/4811.html
Created html/players/4812.html
Created html/players/4813.html
Created html/players/4814.html
Created html/players/4815.html
Created html/players/4816.html
Created html/players/4817.html
Created html/players/4818.html
Created html/players/4819.html
Created html/players/4820.html
Created html/players/4821.html
Created html/players/4822.html
Created html/players/4823.html
Created html/players/4824.html
Created html/players/4825.html
Created html/players/4826.html
Created html/players/4827.html
Created html/players/4828.html
Created html/players/4829.html
Created html/players/4830.html
Created html/players/4831.html
Created html/players/4832.html
Created html/players/4833.html
Created html/players/4834.html
Created html/players/4835.html
Created html/players/4836.html
Created html/players/4837.html
Created html/players/4838.html
Created html/players/4839.html
Created html/players/4840.html
Created html/players/4841.html
Created html/players/4842.html
Created html/players/4843.html
Created html/players/4844.html
Created html/players/4845.html
Created html/players/4846.html
Created html/players/4847.html
Created html/players/4848.html
Created html/players/4849.html
Created html/players/4850.html
Created html/players/4851.html
Created html/players/4852.html
Created html/players/4853.html
Created html/players/4854.html
Created html/players/4855.html
Created html/players/4856.html
Created html/players/4857.html
Created html/players/4858.html
Created html/players/4859.html
Created html/players/4860.html
Created html/players/4861.html
Created html/players/4862.html
Created html/players/4863.html
Created html/players/4864.html
Created html/players/4865.html
Created html/players/4866.html
Created html/players/4867.html
Created html/players/4868.html
Created html/players/4869.html
Created html/players/4870.html
Created html/players/4871.html
Created html/players/4872.html
Created html/players/4873.html
Created html/players/4874.html
Created html/players/4875.html
Created html/players/4876.html
Created html/players/4877.html
Created html/players/4878.html
Created html/players/4879.html
Created html/players/4880.html
Created html/players/4881.html
Created html/players/4882.html
Created html/players/4883.html
Created html/players/4884.html
Created html/players/4885.html
Created html/players/4886.html
Created html/players/4887.html
Created html/players/4888.html
Created html/players/4889.html
Created html/players/4890.html
Created html/players/4891.html
Created html/players/4892.html
Created html/players/4893.html
Created html/players/4894.html
Created html/players/4895.html
Created html/players/4896.html
Created html/players/4897.html
Created html/players/4898.html
Created html/players/4899.html
Created html/players/4900.html
Created html/players/4901.html
Created html/players/4902.html
Created html/players/4903.html
Created html/players/4904.html
Created html/players/4905.html
Created html/players/4906.html
Created html/players/4907.html
Created html/players/4908.html
Created html/players/4909.html
Created html/players/4910.html
Created html/players/4911.html
Created html/players/4912.html
Created html/players/4913.html
Created html/players/4914.html
Created html/players/4915.html
Created html/players/4916.html
Created html/players/4917.html
Created html/players/4918.html
Created html/players/4919.html
Created html/players/4920.html
Created html/players/4921.html
Created html/players/4922.html
Created html/players/4923.html
Created html/players/4924.html
Created html/players/4925.html
Created html/players/4926.html
Created html/players/4927.html
Created html/players/4928.html
Created html/players/4929.html
Created html/players/4930.html
Created html/players/4931.html
Created html/players/4932.html
Created html/players/4933.html
Created html/players/4934.html
Created html/players/4935.html
Created html/players/4936.html
Created html/players/4937.html
Created html/players/4938.html
Created html/players/4939.html
Created html/players/4940.html
Created html/players/4941.html
Created html/players/4942.html
Created html/players/4943.html
Created html/players/4944.html
Created html/players/4945.html
Created html/players/4946.html
Created html/players/4947.html
Created html/players/4948.html
Created html/players/4949.html
Created html/players/4950.html
Created html/players/4951.html
Created html/players/4952.html
Created html/players/4953.html
Created html/players/4954.html
Created html/players/4955.html
Created html/players/4956.html
Created html/players/4957.html
Created html/players/4958.html
Created html/players/4959.html
Created html/players/4960.html
Created html/players/4961.html
Created html/players/4962.html
Created html/players/4963.html
Created html/players/4964.html
Created html/players/4965.html
Created html/players/4966.html
Created html/players/4967.html
Created html/players/4968.html
Created html/players/4969.html
Created html/players/4970.html
Created html/players/4971.html
Created html/players/4972.html
Created html/players/4973.html
Created html/players/4974.html
Created html/players/4975.html
Created html/players/4976.html
Created html/players/4977.html
Created html/players/4978.html
Created html/players/4979.html
Created html/players/4980.html
Created html/players/4981.html
Created html/players/4982.html
Created html/players/4983.html
Created html/players/4984.html
Created html/players/4985.html
Created html/players/4986.html
Created html/players/4987.html
Created html/players/4988.html
Created html/players/4989.html
Created html/players/4990.html
Created html/players/4991.html
Created html/players/4992.html
Created html/players/4993.html
Created html/players/4994.html
Created html/players/4995.html
Created html/players/4996.html
Created html/players/4997.html
Created html/players/4998.html
Created html/players/4999.html
Created html/players/5000.html
Created html/players/5001.html
Created html/players/5002.html
Created html/players/5003.html
Created html/players/5004.html
Created html/players/5005.html
Created html/players/5006.html
Created html/players/5007.html
Created html/players/5008.html
Created html/players/5009.html
Created html/players/5010.html
Created html/players/5011.html
Created html/players/5012.html
Created html/players/5013.html
Created html/players/5014.html
Created html/players/5015.html
Created html/players/5016.html
Created html/players/5017.html
Created html/players/5018.html
Created html/players/5019.html
Created html/players/5020.html
Created html/players/5021.html
Created html/players/5022.html
Created html/players/5023.html
Created html/players/5024.html
Created html/players/5025.html
Created html/players/5026.html
Created html/players/5027.html
Created html/players/5028.html
Created html/players/5029.html
Created html/players/5030.html
Created html/players/5031.html
Created html/players/5032.html
Created html/players/5033.html
Created html/players/5034.html
Created html/players/5035.html
Created html/players/5036.html
Created html/players/5037.html
Created html/players/5038.html
Created html/players/5039.html
Created html/players/5040.html
Created html/players/5041.html
Created html/players/5042.html
Created html/players/5043.html
Created html/players/5044.html
Created html/players/5045.html
Created html/players/5046.html
Created html/players/5047.html
Created html/players/5048.html
Created html/players/5049.html
Created html/players/5050.html
Created html/players/5051.html
Created html/players/5052.html
Created html/players/5053.html
Created html/players/5054.html
Created html/players/5055.html
Created html/players/5056.html
Created html/players/5057.html
Created html/players/5058.html
Created html/players/5059.html
Created html/players/5060.html
Created html/players/5061.html
Created html/players/5062.html
Created html/players/5063.html
Created html/players/5064.html
Created html/players/5065.html
Created html/players/5066.html
Created html/players/5067.html
Created html/players/5068.html
Created html/players/5069.html
Created html/players/5070.html
Created html/players/5071.html
Created html/players/5072.html
Created html/players/5073.html
Created html/players/5074.html
Created html/players/5075.html
Created html/players/5076.html
Created html/players/5077.html
Created html/players/5078.html
Created html/players/5079.html
Created html/players/5080.html
Created html/players/5081.html
Created html/players/5082.html
Created html/players/5083.html
Created html/players/5084.html
Created html/players/5085.html
Created html/players/5086.html
Created html/players/5087.html
Created html/players/5088.html
Created html/players/5089.html
Created html/players/5090.html
Created html/players/5091.html
Created html/players/5092.html
Created html/players/5093.html
Created html/players/5094.html
Created html/players/5095.html
Created html/players/5096.html
Created html/players/5097.html
Created html/players/5098.html
Created html/players/5099.html
Created html/players/5100.html
Created html/players/5101.html
Created html/players/5102.html
Created html/players/5103.html
Created html/players/5104.html
Created html/players/5105.html
Created html/players/5106.html
Created html/players/5107.html
Created html/players/5108.html
Created html/players/5109.html
Created html/players/5110.html
Created html/players/5111.html
Created html/players/5112.html
Created html/players/5113.html
Created html/players/5114.html
Created html/players/5115.html
Created html/players/5116.html
Created html/players/5117.html
Created html/players/5118.html
Created html/players/5119.html
Created html/players/5120.html
Created html/players/5121.html
Created html/players/5122.html
Created html/players/5123.html
Created html/players/5124.html
Created html/players/5125.html
Created html/players/5126.html
Created html/players/5127.html
Created html/players/5128.html
Created html/players/5129.html
Created html/players/5130.html
Created html/players/5131.html
Created html/players/5132.html
Created html/players/5133.html
Created html/players/5134.html
Created html/players/5135.html
Created html/players/5136.html
Created html/players/5137.html
Created html/players/5138.html
Created html/players/5139.html
Created html/players/5140.html
Created html/players/5141.html
Created html/players/5142.html
Created html/players/5143.html
Created html/players/5144.html
Created html/players/5145.html
Created html/players/5146.html
Created html/players/5147.html
Created html/players/5148.html
Created html/players/5149.html
Created html/players/5150.html
Created html/players/5151.html
Created html/players/5152.html
Created html/players/5153.html
Created html/players/5154.html
Created html/players/5155.html
Created html/players/5156.html
Created html/players/5157.html
Created html/players/5158.html
Created html/players/5159.html
Created html/players/5160.html
Created html/players/5161.html
Created html/players/5162.html
Created html/players/5163.html
Created html/players/5164.html
Created html/players/5165.html
Created html/players/5166.html
Created html/players/5167.html
Created html/players/5168.html
Created html/players/5169.html
Created html/players/5170.html
Created html/players/5171.html
Created html/players/5172.html
Created html/players/5173.html
Created html/players/5174.html
Created html/players/5175.html
Created html/players/5176.html
Created html/players/5177.html
Created html/players/5178.html
Created html/players/5179.html
Created html/players/5180.html
Created html/players/5181.html
Created html/players/5182.html
Created html/players/5183.html
Created html/players/5184.html
Created html/players/5185.html
Created html/players/5186.html
Created html/players/5187.html
Created html/players/5188.html
Created html/players/5189.html
Created html/players/5190.html
Created html/players/5191.html
Created html/players/5192.html
Created html/players/5193.html
Created html/players/5194.html
Created html/players/5195.html
Created html/players/5196.html
Created html/players/5197.html
Created html/players/5198.html
Created html/players/5199.html
Created html/players/5200.html
Created html/players/5201.html
Created html/players/5202.html
Created html/players/5203.html
Created html/players/5204.html
Created html/players/5205.html
Created html/players/5206.html
Created html/players/5207.html
Created html/players/5208.html
Created html/players/5209.html
Created html/players/5210.html
Created html/players/5211.html
Created html/players/5212.html
Created html/players/5213.html
Created html/players/5214.html
Created html/players/5215.html
Created html/players/5216.html
Created html/players/5217.html
Created html/players/5218.html
Created html/players/5219.html
Created html/players/5220.html
Created html/players/5221.html
Created html/players/5222.html
Created html/players/5223.html
Created html/players/5224.html
Created html/players/5225.html
Created html/players/5226.html
Created html/players/5227.html
Created html/players/5228.html
Created html/players/5229.html
Created html/players/5230.html
Created html/players/5231.html
Created html/players/5232.html
Created html/players/5233.html
Created html/players/5234.html
Created html/players/5235.html
Created html/players/5236.html
Created html/players/5237.html
Created html/players/5238.html
Created html/players/5239.html
Created html/players/5240.html
Created html/players/5241.html
Created html/players/5242.html
Created html/players/5243.html
Created html/players/5244.html
Created html/players/5245.html
Created html/players/5246.html
Created html/players/5247.html
Created html/players/5248.html
Created html/players/5249.html
Created html/players/5250.html
Created html/players/5251.html
Created html/players/5252.html
Created html/players/5253.html
Created html/players/5254.html
Created html/players/5255.html
Created html/players/5256.html
Created html/players/5257.html
Created html/players/5258.html
Created html/players/5259.html
Created html/players/5260.html
Created html/players/5261.html
Created html/players/5262.html
Created html/players/5263.html
Created html/players/5264.html
Created html/players/5265.html
Created html/players/5266.html
Created html/players/5267.html
Created html/players/5268.html
Created html/players/5269.html
Created html/players/5270.html
Created html/players/5271.html
Created html/players/5272.html
Created html/players/5273.html
Created html/players/5274.html
Created html/players/5275.html
Created html/players/5276.html
Created html/players/5277.html
Created html/players/5278.html
Created html/players/5279.html
Created html/players/5280.html
Created html/players/5281.html
Created html/players/5282.html
Created html/players/5283.html
Created html/players/5284.html
Created html/players/5285.html
Created html/players/5286.html
Created html/players/5287.html
Created html/players/5288.html
Created html/players/5289.html
Created html/players/5290.html
Created html/players/5291.html
Created html/players/5292.html
Created html/players/5293.html
Created html/players/5294.html
Created html/players/5295.html
Created html/players/5296.html
Created html/players/5297.html
Created html/players/5298.html
Created html/players/5299.html
Created html/players/5300.html
Created html/players/5301.html
Created html/players/5302.html
Created html/players/5303.html
Created html/players/5304.html
Created html/players/5305.html
Created html/players/5306.html
Created html/players/5307.html
Created html/players/5308.html
Created html/players/5309.html
Created html/players/5310.html
Created html/players/5311.html
Created html/players/5312.html
Created html/players/5313.html
Created html/players/5314.html
Created html/players/5315.html
Created html/players/5316.html
Created html/players/5317.html
Created html/players/5318.html
Created html/players/5319.html
Created html/players/5320.html
Created html/players/5321.html
Created html/players/5322.html
Created html/players/5323.html
Created html/players/5324.html
Created html/players/5325.html
Created html/players/5326.html
Created html/players/5327.html
Created html/players/5328.html
Created html/players/5329.html
Created html/players/5330.html
Created html/players/5331.html
Created html/players/5332.html
Created html/players/5333.html
Created html/players/5334.html
Created html/players/5335.html
Created html/players/5336.html
Created html/players/5337.html
Created html/players/5338.html
Created html/players/5339.html
Created html/players/5340.html
Created html/players/5341.html
Created html/players/5342.html
Created html/players/5343.html
Created html/players/5344.html
Created html/players/5345.html
Created html/players/5346.html
Created html/players/5347.html
Created html/players/5348.html
Created html/players/5349.html
Created html/players/5350.html
Created html/players/5351.html
Created html/players/5352.html
Created html/players/5353.html
Created html/players/5354.html
Created html/players/5355.html
Created html/players/5356.html
Created html/players/5357.html
Created html/players/5358.html
Created html/players/5359.html
Created html/players/5360.html
Created html/players/5361.html
Created html/players/5362.html
Created html/players/5363.html
Created html/players/5364.html
Created html/players/5365.html
Created html/players/5366.html
Created html/players/5367.html
Created html/players/5368.html
Created html/players/5369.html
Created html/players/5370.html
Created html/players/5371.html
Created html/players/5372.html
Created html/players/5373.html
Created html/players/5374.html
Created html/players/5375.html
Created html/players/5376.html
Created html/players/5377.html
Created html/players/5378.html
Created html/players/5379.html
Created html/players/5380.html
Created html/players/5381.html
Created html/players/5382.html
Created html/players/5383.html
Created html/players/5384.html
Created html/players/5385.html
Created html/players/5386.html
Created html/players/5387.html
Created html/players/5388.html
Created html/players/5389.html
Created html/players/5390.html
Created html/players/5391.html
Created html/players/5392.html
Created html/players/5393.html
Created html/players/5394.html
Created html/players/5395.html
Created html/players/5396.html
Created html/players/5397.html
Created html/players/5398.html
Created html/players/5399.html
Created html/players/5400.html
Created html/players/5401.html
Created html/players/5402.html
Created html/players/5403.html
Created html/players/5404.html
Created html/players/5405.html
Created html/players/5406.html
Created html/players/5407.html
Created html/players/5408.html
Created html/players/5409.html
Created html/players/5410.html
Created html/players/5411.html
Created html/players/5412.html
Created html/players/5413.html
Created html/players/5414.html
Created html/players/5415.html
Created html/players/5416.html
Created html/players/5417.html
Created html/players/5418.html
Created html/players/5419.html
Created html/players/5420.html
Created html/players/5421.html
Created html/players/5422.html
Created html/players/5423.html
Created html/players/5424.html
Created html/players/5425.html
Created html/players/5426.html
Created html/players/5427.html
Created html/players/5428.html
Created html/players/5429.html
Created html/players/5430.html
Created html/players/5431.html
Created html/players/5432.html
Created html/players/5433.html
Created html/players/5434.html
Created html/players/5435.html
Created html/players/5436.html
Created html/players/5437.html
Created html/players/5438.html
Created html/players/5439.html
Created html/players/5440.html
Created html/players/5441.html
Created html/players/5442.html
Created html/players/5443.html
Created html/players/5444.html
Created html/players/5445.html
Created html/players/5446.html
Created html/players/5447.html
Created html/players/5448.html
Created html/players/5449.html
Created html/players/5450.html
Created html/players/5451.html
Created html/players/5452.html
Created html/players/5453.html
Created html/players/5454.html
Created html/players/5455.html
Created html/players/5456.html
Created html/players/5457.html
Created html/players/5458.html
Created html/players/5459.html
Created html/players/5460.html
Created html/players/5461.html
Created html/players/5462.html
Created html/players/5463.html
Created html/players/5464.html
Created html/players/5465.html
Created html/players/5466.html
Created html/players/5467.html
Created html/players/5468.html
Created html/rankings/full_rankings.html
Created html/rankings/JPN.html
Created html/rankings/UGA.html
Created html/rankings/NGA.html
Created html/rankings/ISR.html
Created html/rankings/NZL.html
Created html/rankings/ZAF.html
Created html/rankings/ROU.html
Created html/rankings/NIR.html
Created html/rankings/PAK.html
Created html/rankings/QAT.html
Created html/rankings/DEU.html
Created html/rankings/PHL.html
Created html/rankings/BHR.html
Created html/rankings/NOR.html
Created html/rankings/NLD.html
Created html/rankings/TZA.html
Created html/rankings/TTO.html
Created html/rankings/ENG.html
Created html/rankings/WAL.html
Created html/rankings/CAN.html
Created html/rankings/POL.html
Created html/rankings/GMB.html
Created html/rankings/THA.html
Created html/rankings/LKA.html
Created html/rankings/SCO.html
Created html/rankings/VNM.html
Created html/rankings/MLT.html
Created html/rankings/SLE.html
Created html/rankings/AUS.html
Created html/rankings/MYS.html
Created html/rankings/USA.html
Created html/rankings/FRA.html
Created html/rankings/SGP.html
Created html/rankings/GHA.html
Created html/rankings/LBR.html
Created html/rankings/SWE.html
Created html/rankings/OMN.html
Created html/rankings/IDN.html
Created html/rankings/IRL.html
Created html/rankings/HUN.html
Created html/rankings/ARE.html
Created html/rankings/KEN.html
Created html/rankings/IND.html
Created html/rankings/KWT.html
Created html/rankings/ZMB.html
Created html/rankings/HKG.html
Created html_data/front_page_ratings_data.html
Created html_data/player_search_data.html
Created html_data/country_search_data.html
Created html_data/tournament_form_data.html
Created cgi-bin/find_tournament.pl
Calculating All time stats
Created html/alltime_stats.html
Deploying all HTML files
Copying html to working
Copying static html to base
Copying html data to to base
Copying cgi scripts to working dir
Copying the flags to the working dir
